changepoint_prior_scale,holidays_prior_scale,n_changepoints,seasonality_mode,seasonality_prior_scale,mse,rmse,mae,mape,r2
0.7,0.01,10,additive,0.01,81.4022366167623,9.022318804872853,8.055799248328148,0.04320432261260191,-3.245764494305112
0.7,0.01,10,additive,0.1,566.1822537256203,23.79458454618656,22.914058075831964,0.12206142160556364,-28.530841044223617
0.7,0.01,10,additive,1.0,493.1693688120483,22.207416977488585,21.360609317037728,0.11381730603114086,-24.722646978840952
0.7,0.01,10,additive,10.0,450.950012975747,21.235583650461482,20.406933048070453,0.10875643033386591,-22.520576747944013
0.7,0.01,10,multiplicative,0.01,47.67324185372381,6.904581222183125,5.525281460950205,0.029776180118933786,-1.4865331224729634
0.7,0.01,10,multiplicative,0.1,464.421573976433,21.55044254711334,20.49783004343345,0.10921612519242577,-23.223224215099727
0.7,0.01,10,multiplicative,1.0,745.7744638675175,27.30887152314276,26.05523042726955,0.13868796257954075,-37.89798205859268
0.7,0.01,10,multiplicative,10.0,795.5387561042511,28.205296596636792,26.915644017640332,0.14325088699446323,-40.49357984367171
0.7,0.01,25,additive,0.01,85.25044001321632,9.233116484330539,7.939390566813147,0.0428933177409591,-3.4464784553286885
0.7,0.01,25,additive,0.1,75.75751708002349,8.70387942701549,7.280567215736532,0.039374327359422416,-2.9513481393561993
0.7,0.01,25,additive,1.0,71.35079446609878,8.44693994687418,7.12476563867306,0.038469902580486943,-2.7215030246754037
0.7,0.01,25,additive,10.0,78.76739128248164,8.875099508314351,7.4137759637974385,0.04009989324510007,-3.108336663901116
0.7,0.01,25,multiplicative,0.01,65.94836969470191,8.120860157317198,6.837143521871057,0.03694932879036312,-2.4397242403216097
0.7,0.01,25,multiplicative,0.1,88.85754493160336,9.42642800490214,8.718583162669542,0.046284903804188274,-3.6346172415124496
0.7,0.01,25,multiplicative,1.0,117.06504053362109,10.819659908408447,9.803417779160474,0.051939842410907835,-5.105859166524287
0.7,0.01,25,multiplicative,10.0,193.52473452874466,13.911316779109901,11.579735059999702,0.061054839087476796,-9.093831334147527
0.7,0.01,50,additive,0.01,43.953351427306174,6.629732379765127,5.560082090144393,0.0300276876993306,-1.2925116882764334
0.7,0.01,50,additive,0.1,96.44647667231986,9.820716708688824,9.061365466987407,0.04860882825703173,-4.030439497430715
0.7,0.01,50,additive,1.0,103.66922963898254,10.181808760676196,9.437371862240784,0.05060278126784444,-4.407162660964511
0.7,0.01,50,additive,10.0,103.96846051962456,10.196492559680733,9.451594554242547,0.05068299358656039,-4.422769896114705
0.7,0.01,50,multiplicative,0.01,30.056146841468035,5.482348661063799,4.7404356898035935,0.02548857235204677,-0.567663572880847
0.7,0.01,50,multiplicative,0.1,45.324505828262694,6.732347720391654,5.637192648693736,0.030442127334243556,-1.3640281344301082
0.7,0.01,50,multiplicative,1.0,65.70742928548646,8.106011922362713,7.034478193713782,0.0378974867948712,-2.427157310011003
0.7,0.01,50,multiplicative,10.0,64.96805442814501,8.060276324552714,6.998169895316009,0.037708780311790126,-2.3885931175790254
0.7,0.1,10,additive,0.01,86.50701648347706,9.300914819708707,8.355929288687053,0.04478801297672937,-3.5120187645824723
0.7,0.1,10,additive,0.1,504.3198382305983,22.457066554441127,21.574359030432433,0.11493790821813578,-25.304231332290595
0.7,0.1,10,additive,1.0,614.4972181493569,24.789054402081515,23.866766836805777,0.12710788195149159,-31.05084502715686
0.7,0.1,10,additive,10.0,539.0899594993128,23.21831086662664,22.31816330814122,0.11888405469498514,-27.11776560949241
0.7,0.1,10,multiplicative,0.01,47.82810192382228,6.91578642844198,5.519647811693561,0.02973867963187073,-1.4946102885870243
0.7,0.1,10,multiplicative,0.1,477.18085687815756,21.844469709245807,20.74753436607487,0.11052399785321623,-23.888720798098788
0.7,0.1,10,multiplicative,1.0,755.8747742466576,27.49317686711846,26.208982533955133,0.13949306930668973,-38.42479238926096
0.7,0.1,10,multiplicative,10.0,780.9904177099819,27.94620578379079,26.643223779497145,0.14179614434207602,-39.734769997987385
0.7,0.1,25,additive,0.01,92.61851545058087,9.623851383442123,8.328438812615802,0.04498141015281659,-3.8307813244329294
0.7,0.1,25,additive,0.1,78.46107569698688,8.857825675468382,7.37688553839971,0.039899118882020704,-3.0923599058782525
0.7,0.1,25,additive,1.0,76.35019366561336,8.73785978747733,7.300384957743812,0.039483550697323115,-2.9822608674124367
0.7,0.1,25,additive,10.0,70.12767014117499,8.374226539876682,7.08764012833132,0.038257284557786715,-2.6577075069265343
0.7,0.1,25,multiplicative,0.01,64.65558410673722,8.040869611350331,6.777967912834785,0.036629450204633165,-2.3722953418507835
0.7,0.1,25,multiplicative,0.1,82.93893636813722,9.10708166034198,8.465787048606641,0.04498518237406274,-3.325915427669658
0.7,0.1,25,multiplicative,1.0,129.48058976059633,11.378953807824177,10.12307837636673,0.053566324164266946,-5.753427344943774
0.7,0.1,25,multiplicative,10.0,267.46269220204357,16.35428666136324,13.203308322666143,0.06951449179340917,-12.950275192670253
0.7,0.1,50,additive,0.01,44.48526595994146,6.669727577640743,5.5932364532053285,0.03020653777505486,-1.320255199149484
0.7,0.1,50,additive,0.1,100.81018624474854,10.04042759272475,9.289157778531685,0.04982348120430894,-4.258041144954266
0.7,0.1,50,additive,1.0,109.53295251981577,10.465799182089047,9.746399461509043,0.05224688062808681,-4.713001756382678
0.7,0.1,50,additive,10.0,104.86298817846513,10.240263091271881,9.49006131969771,0.05088561822407287,-4.469426522897083
0.7,0.1,50,multiplicative,0.01,31.183779165499757,5.584243831128773,4.7925128838404145,0.02578536596883811,-0.6264784345233436
0.7,0.1,50,multiplicative,0.1,42.80627377533033,6.542650363219048,5.528417022624291,0.02983907210278452,-1.232682600411211
0.7,0.1,50,multiplicative,1.0,59.931168438691465,7.741522359245077,6.598591012093259,0.03559294563656551,-2.125880045006262
0.7,0.1,50,multiplicative,10.0,64.91541480371973,8.057010289413792,6.954747914901846,0.037485484725002356,-2.385847548689676
0.7,1.0,10,additive,0.01,86.8086162067077,9.317114156578082,8.371389955606595,0.04486879603129087,-3.5277495534355294
0.7,1.0,10,additive,0.1,553.8172567403656,23.533322263130753,22.63233114630845,0.12055336728987094,-27.885909561329033
0.7,1.0,10,additive,1.0,453.98538732839665,21.30693284657359,20.455122912312245,0.10900005834178274,-22.67889530513646
0.7,1.0,10,additive,10.0,622.0669646421413,24.94127030931146,24.00396425570442,0.12783188246289662,-31.445666622062966
0.7,1.0,10,multiplicative,0.01,47.670932281372274,6.90441397088647,5.504974686351976,0.02965913047068735,-1.486412660177396
0.7,1.0,10,multiplicative,0.1,475.7673871179934,21.812092680850075,20.708757534500652,0.11031535277831812,-23.81499727438613
0.7,1.0,10,multiplicative,1.0,672.2244804132608,25.92729219207553,24.691651558391744,0.1314411334503375,-34.061774095696144
0.7,1.0,10,multiplicative,10.0,819.6784955619471,28.630027865196833,27.266693991305097,0.14509002611061653,-41.752656411478895
0.7,1.0,25,additive,0.01,84.55879930211367,9.195585859645576,7.906862452328515,0.04271778929570963,-3.4104039726601023
0.7,1.0,25,additive,0.1,72.2388525136365,8.499344240212682,7.082490233206918,0.03828901108772293,-2.767822210533513
0.7,1.0,25,additive,1.0,87.44908640998594,9.351421625078506,7.915995335499136,0.04280024994624703,-3.5611550931572626
0.7,1.0,25,additive,10.0,69.51110140815877,8.33733179189594,7.096304598844387,0.038277219037469425,-2.6255486161670154
0.7,1.0,25,multiplicative,0.01,65.6287892063765,8.101159744528958,6.815389573669336,0.03683279547367656,-2.4230556136744967
0.7,1.0,25,multiplicative,0.1,91.80988935638541,9.581747719303896,8.865796803485251,0.04706585561388557,-3.788605137357539
0.7,1.0,25,multiplicative,1.0,206.81189196987975,14.38095587817026,11.848353316297466,0.0624388314514513,-9.786860710716237
0.7,1.0,25,multiplicative,10.0,279.7934354327681,16.727027094877563,13.4611218608917,0.07086330609258505,-13.593420073859214
0.7,1.0,50,additive,0.01,43.88394412202611,6.624495763605417,5.557335274610921,0.030013454780856284,-1.288891553441676
0.7,1.0,50,additive,0.1,103.64722620149823,10.180728176387888,9.450835454215573,0.05067777319922804,-4.4060150092843315
0.7,1.0,50,additive,1.0,108.73366149694127,10.427543406619858,9.696991901651673,0.051980144672306994,-4.671312466424784
0.7,1.0,50,additive,10.0,104.77914064717231,10.236168260006881,9.487022387533935,0.05086574695463735,-4.465053217124489
0.7,1.0,50,multiplicative,0.01,30.03376434493603,5.480306957181872,4.7458171771462245,0.025511553743274,-0.5664961503010857
0.7,1.0,50,multiplicative,0.1,42.90359810403324,6.550083824198988,5.519781338567067,0.029794705164662368,-1.2377588267707433
0.7,1.0,50,multiplicative,1.0,49.211046572120225,7.015058557996521,5.849670686954811,0.031587141332269496,-1.5667416885260228
0.7,1.0,50,multiplicative,10.0,44.82542287832695,6.695179077390458,5.634433508206878,0.030418309566022872,-1.3379970478578027
0.7,10.0,10,additive,0.01,93.613172129216,9.675390024656163,8.75376535018481,0.04689810325775163,-3.8826604641923748
0.7,10.0,10,additive,0.1,534.7910230036019,23.125549139503736,22.232754690937462,0.11843254272738661,-26.893542385471033
0.7,10.0,10,additive,1.0,587.4793048540033,24.237972375056525,23.314703008224434,0.12417304310774471,-29.64164914081183
0.7,10.0,10,additive,10.0,521.2078070666598,22.82997606364623,21.949704157581454,0.1169326383587466,-26.185071238479566
0.7,10.0,10,multiplicative,0.01,46.05655222455369,6.786497787854476,5.394541533605185,0.029067748480479005,-1.4022100901936714
0.7,10.0,10,multiplicative,0.1,452.3914832809045,21.269496545073757,20.18147021933841,0.10751860198407058,-22.595760719485803
0.7,10.0,10,multiplicative,1.0,799.6407213656041,28.27791932525454,26.931570398975683,0.14331355580042654,-40.70752947438664
0.7,10.0,10,multiplicative,10.0,784.0274692979957,28.00049051888191,26.66579893345002,0.14190473969232129,-39.89317603614662
0.7,10.0,25,additive,0.01,86.3442420349473,9.292160245871102,8.014184145397142,0.04329085235441865,-3.503528801617432
0.7,10.0,25,additive,0.1,81.14746679861094,9.008188874496968,7.539269521390263,0.040782826390529284,-3.2324762519534893
0.7,10.0,25,additive,1.0,77.76189102119825,8.818270296446931,7.363772289489514,0.039828911785351855,-3.055891946338006
0.7,10.0,25,additive,10.0,80.10259854711539,8.950005505423748,7.4703305259800015,0.04040987519732948,-3.1779781852196214
0.7,10.0,25,multiplicative,0.01,58.75193066952017,7.664980800336044,6.475287616153132,0.03498115085145457,-2.0643735550278275
0.7,10.0,25,multiplicative,0.1,100.19014956060217,10.00950296271509,9.137638714577301,0.048438897479972806,-4.225701373369006
0.7,10.0,25,multiplicative,1.0,200.91337866743314,14.174391650699974,11.72324256034113,0.061790732705473736,-9.479207022198823
0.7,10.0,25,multiplicative,10.0,222.12876375720234,14.903984828132453,12.214575114466644,0.06435545877183667,-10.585755594951475
0.7,10.0,50,additive,0.01,42.160090636834184,6.49308021179734,5.446794141111171,0.029413157828254762,-1.1989790863522294
0.7,10.0,50,additive,0.1,99.67843258995929,9.983908682973782,9.209931134092155,0.04940209453035806,-4.1990113236186835
0.7,10.0,50,additive,1.0,100.96423525160327,10.04809610083439,9.289997571303,0.04982030473857625,-4.266076007764805
0.7,10.0,50,additive,10.0,107.60065073199257,10.373073350362109,9.64708636571872,0.05171807624958274,-4.612217076943875
0.7,10.0,50,multiplicative,0.01,33.64673087098751,5.800580218477071,4.974914877267845,0.02678902251038992,-0.7549406652551565
0.7,10.0,50,multiplicative,0.1,45.233842116103794,6.725610910252227,5.638387213563165,0.030448893043119835,-1.3592993114148588
0.7,10.0,50,multiplicative,1.0,49.2581348783336,7.018413985961045,5.8654444423564565,0.03167670378217089,-1.5691977126713907
0.7,10.0,50,multiplicative,10.0,59.20066027393932,7.694196532058387,6.54282328443604,0.03528869779728754,-2.087778320070783
0.3,0.01,10,additive,0.01,80.72250957684585,8.984570639537866,8.00588005024749,0.04293240344897415,-3.210311402942483
0.3,0.01,10,additive,0.1,274.85381100070066,16.578715601659276,15.789717136675531,0.08424519293130661,-13.335779953629945
0.3,0.01,10,additive,1.0,280.7362643339103,16.755186192158842,15.966807388939255,0.08518479986256859,-13.642595988908333
0.3,0.01,10,additive,10.0,268.3510570245084,16.38142414518678,15.599199023639713,0.08323589285402119,-12.996610379244649
0.3,0.01,10,multiplicative,0.01,46.81845108806108,6.842400973931671,5.466223050512708,0.02945902270997735,-1.4419490860416673
0.3,0.01,10,multiplicative,0.1,371.38521155317045,19.271357283626145,18.27606720073282,0.09743163737686675,-18.37064889686025
0.3,0.01,10,multiplicative,1.0,571.0246810472338,23.896122719956765,22.773116822396393,0.1212840939721415,-28.783411573521896
0.3,0.01,10,multiplicative,10.0,769.9947503535384,27.748779258798727,26.489446047011363,0.14099412744846448,-39.16125978508048
0.3,0.01,25,additive,0.01,46.22045771240144,6.798562915234472,5.789908644485713,0.031262763498691136,-1.4107590457217856
0.3,0.01,25,additive,0.1,54.791469713294,7.4021260265746625,6.275152464990769,0.03390676497840893,-1.857804482630077
0.3,0.01,25,additive,1.0,58.754160076530795,7.665126227044849,6.478179881541714,0.03501017197043461,-2.0644898360727035
0.3,0.01,25,additive,10.0,52.10099558250105,7.218101937663464,6.133120410180932,0.033132383058057956,-1.7174751745897274
0.3,0.01,25,multiplicative,0.01,40.07300415491048,6.330324174551449,5.547707084926735,0.029836627745514724,-1.0901211722482929
0.3,0.01,25,multiplicative,0.1,65.16213913681345,8.072306927812733,7.445480420549755,0.0396466524985016,-2.3987161559524246
0.3,0.01,25,multiplicative,1.0,167.41517087737776,12.938901455586473,10.870282409688974,0.0573400922913106,-7.732012999417082
0.3,0.01,25,multiplicative,10.0,166.02724510730135,12.885155998562896,10.869589293013533,0.05735336736820738,-7.659621794946073
0.3,0.01,50,additive,0.01,39.66983697405355,6.298399556558281,5.237708566128662,0.028273069607794916,-1.0690928446138783
0.3,0.01,50,additive,0.1,96.68150491330098,9.832675369059073,9.00656462971165,0.048301446892542496,-4.042698061841108
0.3,0.01,50,additive,1.0,101.23503513033904,10.061562260918482,9.250288714015547,0.04959169232501601,-4.2802003433848625
0.3,0.01,50,additive,10.0,78.86422157020797,8.880552999121619,7.9542489277138,0.04272483198644896,-3.1133871221524947
0.3,0.01,50,multiplicative,0.01,29.281377150490215,5.411226954258176,4.603875693907515,0.024744310284671923,-0.5272532625265491
0.3,0.01,50,multiplicative,0.1,34.68133656815509,5.889086225226719,5.0548609286657635,0.027226673771894663,-0.8089034593651077
0.3,0.01,50,multiplicative,1.0,56.80921039927714,7.537188494344369,6.37575202621118,0.03440953428769674,-1.963045470093289
0.3,0.01,50,multiplicative,10.0,49.355861859835265,7.025372720349808,5.854804686991844,0.03161391715665375,-1.5742949405295001
0.3,0.1,10,additive,0.01,72.20368938930089,8.497275409759348,7.468891256313348,0.0400715734496714,-2.7659881780668645
0.3,0.1,10,additive,0.1,273.84904036505316,16.54838482647334,15.750398095825616,0.08402844520072435,-13.283373291760974
0.3,0.1,10,additive,1.0,278.96311231385033,16.70218884798787,15.897630457281961,0.08480770508291322,-13.550112216930186
0.3,0.1,10,additive,10.0,259.13111127710994,16.09754985322642,15.292252049205725,0.08159321996370629,-12.51571796251635
0.3,0.1,10,multiplicative,0.01,44.89309713459018,6.700231125460538,5.3177460229237905,0.028654020482321806,-1.3415267906064408
0.3,0.1,10,multiplicative,0.1,361.3072409675974,19.00808356903971,17.983542572970627,0.09586377794978879,-17.845003761477493
0.3,0.1,10,multiplicative,1.0,590.4486614000092,24.299149396635457,23.146054509878336,0.12325539287487407,-29.79652435208297
0.3,0.1,10,multiplicative,10.0,712.741448873046,26.697217998754965,25.460439261819207,0.1355303247529894,-36.175051485276036
0.3,0.1,25,additive,0.01,46.86698578343834,6.84594666817076,5.824555503146433,0.031454518040703,-1.4444805507156029
0.3,0.1,25,additive,0.1,56.77047220968205,7.534618252418768,6.372460137321736,0.034439173162233626,-1.961024969959726
0.3,0.1,25,additive,1.0,56.066667263632205,7.487767842530389,6.334856017751657,0.03423454845062016,-1.9243160271216686
0.3,0.1,25,additive,10.0,57.43123758821963,7.578340028543166,6.399090022393163,0.034584681151457325,-1.9954890621009391
0.3,0.1,25,multiplicative,0.01,37.8163511663853,6.149500074508928,5.431060683571988,0.02917621496445565,-0.9724190361294094
0.3,0.1,25,multiplicative,0.1,62.248645507221994,7.889781081070754,7.221667489390582,0.03850731948941873,-2.2467546335050637
0.3,0.1,25,multiplicative,1.0,170.82907638940054,13.070159769084713,10.96610705423874,0.05784057733410213,-7.910074922679694
0.3,0.1,25,multiplicative,10.0,172.66964114836813,13.140382077716314,11.010506703154752,0.058071156555361644,-8.006074797227177
0.3,0.1,50,additive,0.01,38.7881555704927,6.228013774109102,5.197568636665969,0.028051718257775728,-1.0231062507055122
0.3,0.1,50,additive,0.1,87.06243496397964,9.330725318215066,8.455543200480983,0.04537714202925291,-3.540988190509931
0.3,0.1,50,additive,1.0,101.91084794311439,10.09509028900259,9.286230798569772,0.04978422011988136,-4.315449277130832
0.3,0.1,50,additive,10.0,99.78367150786237,9.989177719305147,9.172144947646002,0.049177316315646875,-4.204500357822444
0.3,0.1,50,multiplicative,0.01,28.405179673652594,5.329650989854081,4.566987095154987,0.024530725583827767,-0.4815526983679612
0.3,0.1,50,multiplicative,0.1,35.574101488242796,5.964402860994786,5.132968941293683,0.027661793248257006,-0.8554681455089894
0.3,0.1,50,multiplicative,1.0,35.46158060282186,5.954962686937834,5.115998423223837,0.02756392720189348,-0.849599299638855
0.3,0.1,50,multiplicative,10.0,75.30758857889995,8.67799450212432,7.73605938733274,0.041606957034324994,-2.927880842455749
0.3,1.0,10,additive,0.01,71.73339657459577,8.469557047130374,7.439578189820805,0.03991556118349525,-2.7414587226416725
0.3,1.0,10,additive,0.1,255.53842178437986,15.985569172987862,15.173894382639725,0.08096271819303869,-12.328331053737537
0.3,1.0,10,additive,1.0,271.39967809905966,16.47421251832875,15.659748524597541,0.0835406237325751,-13.155619856783437
0.3,1.0,10,additive,10.0,259.2015489089144,16.099737541615838,15.290056303826388,0.08157985667635928,-12.519391836952824
0.3,1.0,10,multiplicative,0.01,46.33792627944823,6.807196653501956,5.408460413415416,0.029140523110295708,-1.4168859519579406
0.3,1.0,10,multiplicative,0.1,355.2663803458621,18.848511356228165,17.81847617908063,0.09498431614091592,-17.529925544848634
0.3,1.0,10,multiplicative,1.0,551.504758433499,23.48413844350052,22.32836531849517,0.11890538545956619,-27.765294654263773
0.3,1.0,10,multiplicative,10.0,606.2348587568957,24.621837030508015,23.434362022944736,0.12477349586897962,-30.619898242330112
0.3,1.0,25,additive,0.01,45.89298787477345,6.774436351075524,5.76929662776329,0.031152060369503725,-1.3936789276888808
0.3,1.0,25,additive,0.1,67.72918895983719,8.229774538821655,7.067950452229612,0.03816789586870088,-2.5326079192097266
0.3,1.0,25,additive,1.0,55.318047309030405,7.43761032247794,6.306307406600685,0.034077757809340616,-1.8852696304244785
0.3,1.0,25,additive,10.0,57.11982004931311,7.557765546066715,6.388779245108762,0.03452823046093804,-1.9792461972295716
0.3,1.0,25,multiplicative,0.01,36.90338108139407,6.074815312533713,5.4012936416191355,0.02898859013825444,-0.9248004923114097
0.3,1.0,25,multiplicative,0.1,67.02318519295243,8.186768910440335,7.572592929390546,0.040314305936482796,-2.495784290635524
0.3,1.0,25,multiplicative,1.0,73.05244810717656,8.547072487534932,7.91625211351798,0.042228548887800255,-2.810257595939915
0.3,1.0,25,multiplicative,10.0,215.5371855755108,14.68118474699882,12.01309740444802,0.06328554839718077,-10.241953142237305
0.3,1.0,50,additive,0.01,38.85967063137697,6.233752532093087,5.202402911757141,0.028079003006489328,-1.0268363215110603
0.3,1.0,50,additive,0.1,95.77099078221786,9.786265415479894,8.958508704086809,0.04804513655331734,-3.9952076152638725
0.3,1.0,50,additive,1.0,101.7459693553086,10.086920707297574,9.290416841486106,0.04981065925626008,-4.306849566814853
0.3,1.0,50,additive,10.0,110.80943272255115,10.526605945058984,9.754136223865824,0.05226762689298298,-4.779580201247438
0.3,1.0,50,multiplicative,0.01,28.360931151013048,5.325498206835962,4.568970990305071,0.024537938759466426,-0.47924479118805263
0.3,1.0,50,multiplicative,0.1,36.916450755928224,6.075890943386676,5.198267497696657,0.02802166904062144,-0.9254821782502181
0.3,1.0,50,multiplicative,1.0,58.25089551587726,7.632227428207132,6.471285330492487,0.03491438847023239,-2.038240645735041
0.3,1.0,50,multiplicative,10.0,59.61040224832142,7.7207773085565305,6.58556430714621,0.03552175656281596,-2.1091495747065525
0.3,10.0,10,additive,0.01,75.8615011227115,8.70985080944051,7.7033798980920825,0.04131605455598458,-2.9567717219844942
0.3,10.0,10,additive,0.1,259.6336123938753,16.113150293902038,15.302537016321336,0.08164599810154709,-12.541927333273021
0.3,10.0,10,additive,1.0,260.1882969456371,16.13035328024892,15.321722182871925,0.081748554518174,-12.570858479065699
0.3,10.0,10,additive,10.0,268.37181005942386,16.382057564891653,15.576490059224394,0.08310209733998228,-12.997692812632911
0.3,10.0,10,multiplicative,0.01,46.80589077961409,6.841483083339027,5.443381407340716,0.029327576188891563,-1.4412939675356142
0.3,10.0,10,multiplicative,0.1,370.69078888941186,19.253331890595245,18.214151003981915,0.09708309646203646,-18.334429313561724
0.3,10.0,10,multiplicative,1.0,634.4963093782559,25.189210177737927,23.97109722836752,0.12761716324326192,-32.09395434438345
0.3,10.0,10,multiplicative,10.0,591.4040818961139,24.318800996268585,23.137073884661486,0.12319530723892409,-29.846357017475082
0.3,10.0,25,additive,0.01,46.3185216678222,6.805771203017495,5.795013431497269,0.031291973525150014,-1.4158738494102492
0.3,10.0,25,additive,0.1,64.69929998339639,8.043587507039156,6.837389775554331,0.03694490425789534,-2.3745754673690875
0.3,10.0,25,additive,1.0,60.447391761566124,7.774792071918459,6.570881405706852,0.0355153245247742,-2.152805136336518
0.3,10.0,25,additive,10.0,66.0693377944799,8.128304730660625,6.955264426623203,0.0375654352843018,-2.446033674611468
0.3,10.0,25,multiplicative,0.01,37.89478980120628,6.155874414021641,5.464131139173237,0.02933623549239106,-0.9765102255677605
0.3,10.0,25,multiplicative,0.1,71.55510336258679,8.459024965241962,7.83707364711628,0.041664482479438596,-2.732159334558674
0.3,10.0,25,multiplicative,1.0,122.80777698275489,11.081867035060242,9.922877359048417,0.05252782144063452,-5.405387871499248
0.3,10.0,25,multiplicative,10.0,183.29624953005046,13.538694528278953,11.295815053238524,0.059563096069060115,-8.560335692713938
0.3,10.0,50,additive,0.01,37.31655196209502,6.108727523968884,5.126257160440896,0.02765839399599467,-0.9463505912800614
0.3,10.0,50,additive,0.1,90.37533838551515,9.506594468342234,8.655665148336803,0.046442483048559656,-3.71378206331761
0.3,10.0,50,additive,1.0,104.16260137228925,10.206008101715835,9.402416218379582,0.05039785024127692,-4.4328958628374435
0.3,10.0,50,additive,10.0,105.37569567639181,10.265266468844919,9.470451374824243,0.050759206950373156,-4.496168236406868
0.3,10.0,50,multiplicative,0.01,27.884904681885516,5.280615937737331,4.551334692931931,0.024432888776710057,-0.45441628075674445
0.3,10.0,50,multiplicative,0.1,35.27965194282034,5.939667662657595,5.114576551536464,0.02756065023075991,-0.8401102944562637
0.3,10.0,50,multiplicative,1.0,72.66730449018993,8.524511979590969,7.552314424809566,0.04063883135672556,-2.7901693383910646
0.3,10.0,50,multiplicative,10.0,68.090250763262,8.251681693040638,7.2418852317494675,0.03899686996485995,-2.551440121480139
0.15,0.01,10,additive,0.01,66.19167617941987,8.135826705345922,7.083127483581556,0.03803960019615574,-2.4524145800098553
0.15,0.01,10,additive,0.1,203.48137248445363,14.264689708663614,13.464347999309945,0.07189723430935811,-9.61314802214004
0.15,0.01,10,additive,1.0,210.48569597256596,14.508125170833273,13.713459346606957,0.07322096951092247,-9.97847837678942
0.15,0.01,10,additive,10.0,195.673686791945,13.98834110221598,13.192196596085648,0.07045408322137195,-9.205916033515281
0.15,0.01,10,multiplicative,0.01,45.794063044234925,6.767131079285735,5.406216668005279,0.029138268762378,-1.3885192226173477
0.15,0.01,10,multiplicative,0.1,313.8571935890733,17.716015172410337,16.73923015845961,0.08927525565636485,-15.370111979801944
0.15,0.01,10,multiplicative,1.0,474.51759191909827,21.783424705934056,20.72180871566221,0.11040392451696159,-23.749810661571008
0.15,0.01,10,multiplicative,10.0,595.3382563075293,24.399554428463016,23.272675056717656,0.12393711711849849,-30.05155504058384
0.15,0.01,25,additive,0.01,48.39813105639588,6.956876530196284,5.902740653426403,0.031881322450330894,-1.5243417745066896
0.15,0.01,25,additive,0.1,59.75164942372977,7.729919108485532,6.540573011798094,0.03533672933808708,-2.116516721694086
0.15,0.01,25,additive,1.0,64.39374040350798,8.024571041713568,6.849382917855272,0.03699330289905271,-2.358638140962532
0.15,0.01,25,additive,10.0,56.0565296994866,7.487090870257059,6.3207407718640765,0.03415507283450506,-1.9237872737151647
0.15,0.01,25,multiplicative,0.01,38.571744310477136,6.210615453437536,5.409019264419998,0.029115043974059004,-1.0118187077321203
0.15,0.01,25,multiplicative,0.1,50.545690845318305,7.109549271600718,6.449896293602972,0.03435179830760857,-1.6363538454296478
0.15,0.01,25,multiplicative,1.0,94.6337872819852,9.727989889077044,8.97206868339505,0.047610829573791154,-3.9358935417843117
0.15,0.01,25,multiplicative,10.0,113.98976938888333,10.676599149021346,9.543939322727287,0.05051366593602197,-4.945459678999643
0.15,0.01,50,additive,0.01,42.41846838465606,6.512946213861746,5.442505758293081,0.029384426390891834,-1.2124555105073211
0.15,0.01,50,additive,0.1,78.93285965662483,8.884416675090426,7.972455557680415,0.042863855276791485,-3.1169671361960614
0.15,0.01,50,additive,1.0,76.80654729143052,8.763934464122293,7.837221640700695,0.042144674747767494,-3.006063284911895
0.15,0.01,50,additive,10.0,70.36258651922465,8.388240966926537,7.408064249216908,0.03986497536611255,-2.6699602368085116
0.15,0.01,50,multiplicative,0.01,27.041157458140848,5.200111292861034,4.559229282312766,0.02442771691889909,-0.410408251571881
0.15,0.01,50,multiplicative,0.1,33.92886067324941,5.824848553674972,4.992802090647945,0.02689406314529003,-0.7696559451665468
0.15,0.01,50,multiplicative,1.0,39.8521120044403,6.3128529211791635,5.3488002570073006,0.028855304867641336,-1.0785999157261612
0.15,0.01,50,multiplicative,10.0,50.29576516701135,7.0919507307236245,5.926065023359412,0.03199744142296531,-1.623318262928807
0.15,0.1,10,additive,0.01,61.83443038605986,7.863487164487513,6.773867286687107,0.03638460478811633,-2.225150069213861
0.15,0.1,10,additive,0.1,181.2466788455971,13.462788672693229,12.63896761357667,0.06750433348468499,-8.453434521415794
0.15,0.1,10,additive,1.0,202.72964302230744,14.238316017784808,13.42856646582868,0.07169811530293534,-9.573939440258812
0.15,0.1,10,additive,10.0,193.30448588402876,13.903398357381146,13.086659085304465,0.06988190154632534,-9.082343641492889
0.15,0.1,10,multiplicative,0.01,45.24023899443262,6.72608645457614,5.347761916291638,0.02881698246146567,-1.3596329587446094
0.15,0.1,10,multiplicative,0.1,314.32917746539385,17.72933099317044,16.724235816805244,0.08918161136936013,-15.394729637341271
0.15,0.1,10,multiplicative,1.0,542.6673573378657,23.295221770523366,22.18029641469552,0.11813548271110338,-27.30435493868296
0.15,0.1,10,multiplicative,10.0,554.4020266508885,23.545743280917858,22.43326320955904,0.11948128166730067,-27.916409894325106
0.15,0.1,25,additive,0.01,48.35177967906783,6.953544396857464,5.873688169377777,0.03172852288124038,-1.5219241869771465
0.15,0.1,25,additive,0.1,58.25757576921608,7.63266505024399,6.448626477472518,0.034843678827312555,-2.038589073292044
0.15,0.1,25,additive,1.0,59.72189830619788,7.727994455626756,6.554089336483866,0.035404896655863674,-2.11496496778986
0.15,0.1,25,additive,10.0,58.8512945371841,7.671459739657382,6.4894143592622155,0.03506041729459858,-2.069556159325674
0.15,0.1,25,multiplicative,0.01,38.19035713014094,6.179834717056836,5.3809317546917255,0.028968301246692838,-0.9919263777894178
0.15,0.1,25,multiplicative,0.1,47.550177143904875,6.895663647822802,6.211015237617932,0.03320645246385496,-1.4801143335407732
0.15,0.1,25,multiplicative,1.0,125.4390983817083,11.199959749111079,9.826290815408562,0.05194841078369706,-5.542631901062941
0.15,0.1,25,multiplicative,10.0,107.768592288296,10.381165266399336,9.434419723008473,0.049994532598755755,-4.620976545067932
0.15,0.1,50,additive,0.01,41.81779933025994,6.466668333095485,5.3937367295286,0.029121548319460094,-1.1811259125751468
0.15,0.1,50,additive,0.1,71.43337415319162,8.451826675529475,7.488197273848391,0.040289914504064134,-2.725810202438348
0.15,0.1,50,additive,1.0,72.4063777674782,8.509193720175737,7.555614621694428,0.04064711544483392,-2.7765599652221122
0.15,0.1,50,additive,10.0,67.62779223383998,8.223611872762477,7.226932383294844,0.038899856136829614,-2.5273192854206514
0.15,0.1,50,multiplicative,0.01,26.536878363102357,5.1513957684400795,4.523935289270335,0.024231670690587646,-0.38410614531631593
0.15,0.1,50,multiplicative,0.1,31.43608805823007,5.606789460843886,4.843934059880587,0.02605936585765604,-0.6396383203308451
0.15,0.1,50,multiplicative,1.0,59.38023943454379,7.705857475618387,6.5769397910899885,0.03547299773970304,-2.097144780449521
0.15,0.1,50,multiplicative,10.0,41.58261142387694,6.448458065605834,5.44283009427934,0.029372436208133627,-1.1688590203629339
0.15,1.0,10,additive,0.01,63.93333740278238,7.995832502171514,6.932054704022027,0.03722629305678256,-2.334624516831352
0.15,1.0,10,additive,0.1,196.83205250848783,14.029684690273257,13.21221014250518,0.07054739514541024,-9.266333882399119
0.15,1.0,10,additive,1.0,203.27926024265105,14.257603593965259,13.441146318470341,0.07176262656943116,-9.602606285011245
0.15,1.0,10,additive,10.0,199.5172686397752,14.125058181819117,13.301451538198323,0.07101901856619985,-9.406388944564421
0.15,1.0,10,multiplicative,0.01,45.21948653649445,6.724543593173774,5.341677254906102,0.028783124515319503,-1.3585505554502348
0.15,1.0,10,multiplicative,0.1,308.704843191991,17.569998383380433,16.556778518206073,0.0882881708395842,-15.10137653361095
0.15,1.0,10,multiplicative,1.0,560.7510791334885,23.680183258021643,22.510993497207416,0.119871859642634,-28.24756273143955
0.15,1.0,10,multiplicative,10.0,516.7130533748779,22.73132317694854,21.605824160929966,0.11507618416487578,-25.95063461329125
0.15,1.0,25,additive,0.01,49.40753781848306,7.029049567223371,5.953219275574035,0.03215941258098336,-1.5769902466974242
0.15,1.0,25,additive,0.1,63.19953623776546,7.949813597674191,6.8262305528143274,0.03684745642662245,-2.2963510361286485
0.15,1.0,25,additive,1.0,56.636968629451076,7.52575369178736,6.356071330912362,0.0343427602764561,-1.9540617121382504
0.15,1.0,25,additive,10.0,61.838061276674395,7.863718031356058,6.6962222458830905,0.03616808273698044,-2.2253394486104803
0.15,1.0,25,multiplicative,0.01,36.41061508885853,6.034120904395149,5.27242846421855,0.028367532065438857,-0.8990988845661794
0.15,1.0,25,multiplicative,0.1,49.8702429819453,7.061886644654196,6.412325843979852,0.034153885996269964,-1.6011239466546945
0.15,1.0,25,multiplicative,1.0,85.81505618847396,9.263641626729413,8.639057465668103,0.04592598437188698,-3.4759276131092696
0.15,1.0,25,multiplicative,10.0,294.92099793821876,17.173264044386517,13.778288076851622,0.0724622042289747,-14.382440995647963
0.15,1.0,50,additive,0.01,41.296825159072895,6.426260589104125,5.37612527374375,0.029023389778815054,-1.1539530272785221
0.15,1.0,50,additive,0.1,73.13009049376231,8.551613326955465,7.604872500725217,0.04090566076706406,-2.814307254793528
0.15,1.0,50,additive,1.0,71.80496173118364,8.473780840403156,7.516780731083783,0.04043521863727515,-2.7451914063307044
0.15,1.0,50,additive,10.0,69.98000021800384,8.365404964375834,7.391839618443214,0.03977438303954602,-2.65000536331556
0.15,1.0,50,multiplicative,0.01,26.121424693603704,5.110912315194197,4.4766315957059355,0.02397644458426789,-0.3624369810243002
0.15,1.0,50,multiplicative,0.1,31.37920836959437,5.601714770460414,4.820892001732755,0.025942863478357676,-0.6366715988684661
0.15,1.0,50,multiplicative,1.0,47.66050504777275,6.9036588160027685,5.761244197420912,0.031111997014508713,-1.4858687982390673
0.15,1.0,50,multiplicative,10.0,53.29532156346987,7.300364481549526,6.133037759833632,0.033096301486895165,-1.7797686330421865
0.15,10.0,10,additive,0.01,69.86497500654494,8.358527083556345,7.330063035631464,0.03933674767612243,-2.6440058972190528
0.15,10.0,10,additive,0.1,193.57033320674793,13.912955588470336,13.091652929452138,0.06990644118282557,-9.096209662509253
0.15,10.0,10,additive,1.0,206.3427574779937,14.364635654202779,13.541333705154702,0.07229215668567524,-9.762391670902488
0.15,10.0,10,additive,10.0,195.7272701257159,13.990256256613597,13.172981293603808,0.07033923748869213,-9.20871082424176
0.15,10.0,10,multiplicative,0.01,46.926538044287,6.850294741417117,5.470111974740862,0.029473312974048677,-1.4475866677607305
0.15,10.0,10,multiplicative,0.1,318.64806308519536,17.85071603844494,16.83532719866295,0.08976638781873754,-15.61999336450208
0.15,10.0,10,multiplicative,1.0,502.67725111931276,22.420465006759176,21.291136692053083,0.11340222873705033,-25.21855754339051
0.15,10.0,10,multiplicative,10.0,590.8048258662322,24.306477035272557,23.105853121467113,0.12302420208583702,-29.81510111984357
0.15,10.0,25,additive,0.01,48.56667546975898,6.968979514230113,5.883615065574036,0.03178296259934462,-1.533132686350298
0.15,10.0,25,additive,0.1,59.155522603549116,7.6912627444099915,6.517919177735084,0.03521035220797626,-2.08542403686846
0.15,10.0,25,additive,1.0,59.045923784429746,7.684134550125326,6.502133639137786,0.035128710906635996,-2.0797075996527905
0.15,10.0,25,additive,10.0,60.734249317406324,7.793218161799804,6.6479109219812695,0.03589825884668163,-2.167767005642928
0.15,10.0,25,multiplicative,0.01,37.14283147985807,6.094491896775159,5.328211281150574,0.02866891638945142,-0.9372897068858441
0.15,10.0,25,multiplicative,0.1,45.172801672569086,6.721071467598681,6.04205257028684,0.03230662676785908,-1.3561155739814952
0.15,10.0,25,multiplicative,1.0,98.17915342902816,9.908539419562711,9.125809842883012,0.048417506381329085,-4.1208121672674665
0.15,10.0,25,multiplicative,10.0,126.23989911129077,11.235653034483166,9.80363690838593,0.05181096728854199,-5.584399934055473
0.15,10.0,50,additive,0.01,41.62970390470437,6.452108485193377,5.404849892421711,0.02917948068693598,-1.1713152622471363
0.15,10.0,50,additive,0.1,69.49200494782374,8.336186475111012,7.356462795897944,0.03958943461385732,-2.6245525861237744
0.15,10.0,50,additive,1.0,70.87305414365247,8.41861355234058,7.45279554614131,0.04009715120980503,-2.6965851233640445
0.15,10.0,50,additive,10.0,73.09322798204224,8.549457759533189,7.602816598199879,0.04089712085129246,-2.8123845859586543
0.15,10.0,50,multiplicative,0.01,26.72034071509003,5.169172149879517,4.516277201839994,0.024208031776648382,-0.39367514455374675
0.15,10.0,50,multiplicative,0.1,35.41764331551487,5.951272411469238,5.050830030895368,0.027209102540310302,-0.8473076258203289
0.15,10.0,50,multiplicative,1.0,49.10161857038505,7.007254709969165,5.869282412910746,0.031697858176533776,-1.5610341607754363
0.15,10.0,50,multiplicative,10.0,60.638957832759324,7.787102017616009,6.68950795315801,0.036071376113158464,-2.162796808029948
0.05,0.01,10,additive,0.01,49.29354459302052,7.020936162152489,5.863842386087417,0.03157781227111467,-1.5710446067571024
0.05,0.01,10,additive,0.1,117.97652676376873,10.861699994189157,10.057462163019052,0.05383507550783061,-5.153400315684949
0.05,0.01,10,additive,1.0,116.59219764667175,10.797786701295397,9.986612251634895,0.053457390989254776,-5.0811967048496065
0.05,0.01,10,additive,10.0,42.04330727662134,6.484081066475136,5.280280766648903,0.028467172428552984,-1.192887919021635
0.05,0.01,10,multiplicative,0.01,43.33151029937707,6.582667415218323,5.272911694634429,0.028427453216670277,-1.2600778008085753
0.05,0.01,10,multiplicative,0.1,240.100950064275,15.495191191601187,14.5450257884791,0.07763653728805255,-11.523145938006163
0.05,0.01,10,multiplicative,1.0,369.78948736999763,19.229911267865944,18.23108107153155,0.0971920980051004,-18.287419376871558
0.05,0.01,10,multiplicative,10.0,367.8000844120878,19.178114725177963,18.177562290544426,0.09690946824588123,-18.183656423977215
0.05,0.01,25,additive,0.01,22.68843787404089,4.7632381710387826,4.269079924218643,0.022794527230551535,-0.18337981805544135
0.05,0.01,25,additive,0.1,23.233600439709193,4.820124525332224,4.33154423946603,0.02308986841901734,-0.2118143176606051
0.05,0.01,25,additive,1.0,23.023249655702816,4.798254855226306,4.2809751660537225,0.022785570183814267,-0.20084287600000073
0.05,0.01,25,additive,10.0,23.041263957292728,4.800131660412319,4.312277829415917,0.022985853522683283,-0.20178246298506375
0.05,0.01,25,multiplicative,0.01,26.322246999539217,5.130521123583765,4.543920541607254,0.024280690685951612,-0.37291143788989833
0.05,0.01,25,multiplicative,0.1,34.21391735039724,5.849266394206818,5.281647001933364,0.028249867770420763,-0.784523884537756
0.05,0.01,25,multiplicative,1.0,62.408639521306505,7.899913893284313,7.2349060907391465,0.038574004267395025,-2.25509957502675
0.05,0.01,25,multiplicative,10.0,65.6810091874694,8.104382097820253,7.413391799223467,0.03956958147132844,-2.425779294875805
0.05,0.01,50,additive,0.01,21.605423666142347,4.648163472398787,4.043705858303938,0.021682670334884954,-0.12689214078962108
0.05,0.01,50,additive,0.1,23.01776248481423,4.797683032966458,4.152677292712862,0.022292819727744783,-0.20055667704157853
0.05,0.01,50,additive,1.0,23.03943234931892,4.799940869356509,4.143973280933129,0.02224843320093786,-0.20168693027704632
0.05,0.01,50,additive,10.0,22.94218003873803,4.789799582314278,4.157636404186377,0.02231603141079746,-0.19661446022689977
0.05,0.01,50,multiplicative,0.01,25.700441015709035,5.069560238887495,4.359703733067688,0.02339292081021796,-0.34047938346218243
0.05,0.01,50,multiplicative,0.1,32.997753854237814,5.744367141316597,4.8596223397330895,0.026149335859375147,-0.7210914285528747
0.05,0.01,50,multiplicative,1.0,44.87237493892818,6.698684567803457,5.607446387864506,0.030285029148689253,-1.3404459657268988
0.05,0.01,50,multiplicative,10.0,42.12241574613112,6.490178406340701,5.468344348611197,0.029529644577419314,-1.1970140455877232
0.05,0.1,10,additive,0.01,47.95519738831539,6.924969125441311,5.755135018356942,0.030987889541711073,-1.5012393129598132
0.05,0.1,10,additive,0.1,113.77703167366354,10.666631692978976,9.837219537632885,0.052650886915152274,-4.934363740172652
0.05,0.1,10,additive,1.0,114.05684389885111,10.679739879737292,9.85038418790844,0.05272057520521495,-4.9489581402794585
0.05,0.1,10,additive,10.0,37.694176924007216,6.139558365550996,4.928131466050796,0.026573381009225377,-0.966046692051818
0.05,0.1,10,multiplicative,0.01,42.11759887506648,6.489807306466539,5.169936927930756,0.027866251651715856,-1.196762808017481
0.05,0.1,10,multiplicative,0.1,240.8657626136522,15.519850598947537,14.541889054248102,0.07760618793165834,-11.56303690540344
0.05,0.1,10,multiplicative,1.0,420.82682696281785,20.51406412593121,19.498496124137844,0.10391731729055247,-20.949416556963378
0.05,0.1,10,multiplicative,10.0,516.3078613673845,22.72240879324603,21.651438538106408,0.11533888446785705,-25.92950067508153
0.05,0.1,25,additive,0.01,21.047832039565122,4.587791629920122,4.05270733239878,0.021568660859697244,-0.09780936826594933
0.05,0.1,25,additive,0.1,22.0742290820393,4.698321943209011,4.184342236432917,0.022273124497121037,-0.15134401671195108
0.05,0.1,25,additive,1.0,20.974708050833893,4.5798152856675225,4.059038474660959,0.021643888392826376,-0.0939953792658843
0.05,0.1,25,additive,10.0,23.477487673743234,4.8453573318944425,4.308642079515499,0.022908091567562804,-0.22453494797634233
0.05,0.1,25,multiplicative,0.01,24.86950074265249,4.986932999615344,4.383843965424826,0.023348121273121962,-0.29713933710889595
0.05,0.1,25,multiplicative,0.1,35.09068559342572,5.9237391564303135,5.272394375560582,0.028276944598630976,-0.8302542186256285
0.05,0.1,25,multiplicative,1.0,68.09849033675144,8.252180944256581,7.5989088866977985,0.040540169144096826,-2.551869879801576
0.05,0.1,25,multiplicative,10.0,62.794447759650375,7.924294779956787,7.281104963968173,0.03879249214032695,-2.275222497787247
0.05,0.1,50,additive,0.01,23.101437460295735,4.806395474812256,4.142644344553558,0.022252734617409325,-0.2049209826764935
0.05,0.1,50,additive,0.1,22.22394228507099,4.714227644595771,4.072404422123496,0.021856618271312335,-0.1591527333784628
0.05,0.1,50,additive,1.0,22.03676151464181,4.694332914764547,4.0664601090159405,0.021819169431279265,-0.1493897894823828
0.05,0.1,50,additive,10.0,23.404732184383658,4.837843753614171,4.187723345881221,0.022494138868849906,-0.2207401791060104
0.05,0.1,50,multiplicative,0.01,25.130290402967017,5.0130121087991615,4.319234688058309,0.023171236551291313,-0.3107415613998352
0.05,0.1,50,multiplicative,0.1,35.78696064085286,5.982220377155364,5.054031167587169,0.027219386315648384,-0.8665704182474461
0.05,0.1,50,multiplicative,1.0,52.985595761957214,7.27912053492434,6.1975773724891345,0.033452691516266876,-1.7636140055320886
0.05,0.1,50,multiplicative,10.0,41.70797431857856,6.458171128003543,5.410196715306584,0.02920416823764868,-1.1753976776449604
0.05,1.0,10,additive,0.01,47.82482813745758,6.915549735014388,5.7444794774165775,0.030930101012312944,-1.4944395349752453
0.05,1.0,10,additive,0.1,113.4829452671956,10.652837427990516,9.821596899875365,0.05256667523950915,-4.919024829661903
0.05,1.0,10,additive,1.0,113.80074506398675,10.667743203882758,9.837023379237419,0.05264859147650148,-4.935600579292293
0.05,1.0,10,additive,10.0,113.99418028472891,10.676805715415492,9.846433750655972,0.052698527973753434,-4.945689741781055
0.05,1.0,10,multiplicative,0.01,41.91275929048106,6.474006432687649,5.152962423922456,0.027773984487223943,-1.1860788185915458
0.05,1.0,10,multiplicative,0.1,246.00906118727107,15.684675998798033,14.694121908148114,0.07840651211981882,-11.831300228072198
0.05,1.0,10,multiplicative,1.0,384.54090717367217,19.609714612244417,18.56989803175059,0.09897308120303132,-19.056821509369396
0.05,1.0,10,multiplicative,10.0,349.9228657242164,18.70622532004296,17.664712529250124,0.09416550710461326,-17.251219386414753
0.05,1.0,25,additive,0.01,21.6893698444674,4.657184755242957,4.158285302493694,0.02215603076060638,-0.13127059177792866
0.05,1.0,25,additive,0.1,22.167702973847145,4.708259017285173,4.163095929477005,0.022137074208861168,-0.15621941261600591
0.05,1.0,25,additive,1.0,22.148733085476643,4.706244052902128,4.20041611772951,0.02236505212958031,-0.15522998429251178
0.05,1.0,25,additive,10.0,21.538561162265513,4.640965542025228,4.080899541496631,0.02185399547574664,-0.12340473728869394
0.05,1.0,25,multiplicative,0.01,25.248583265891636,5.024796838270343,4.447767893728089,0.02374008527580552,-0.3169114611250674
0.05,1.0,25,multiplicative,0.1,34.125523801728704,5.841705555891079,5.208900080280252,0.027929655632388976,-0.779913468337162
0.05,1.0,25,multiplicative,1.0,63.36857418594517,7.9604380649525295,7.2709271285033,0.03880160264241156,-2.3051676896802022
0.05,1.0,25,multiplicative,10.0,70.84635253213408,8.417027535426866,7.80066148511698,0.04158866937722812,-2.695192425093857
0.05,1.0,50,additive,0.01,20.558867126316137,4.534188695490753,3.9412282661790647,0.02112024070066721,-0.07230601659015479
0.05,1.0,50,additive,0.1,21.91102022458786,4.680920873566211,4.073720460146823,0.0218520653860995,-0.14283139591768723
0.05,1.0,50,additive,1.0,22.43479685607405,4.736538488820084,4.109773729702107,0.022056928352656886,-0.1701504514785377
0.05,1.0,50,additive,10.0,20.988931145035856,4.581367824682477,3.985898616226905,0.02136465631164455,-0.0947372250783789
0.05,1.0,50,multiplicative,0.01,24.71586337653792,4.971505141960322,4.275747677349779,0.02293408727394876,-0.2891259445885057
0.05,1.0,50,multiplicative,0.1,38.299976405456775,6.188697472445779,5.157148646994932,0.027795470878226616,-0.9976438819560245
0.05,1.0,50,multiplicative,1.0,40.59097535562815,6.3711047201900675,5.353417597498022,0.02891052023675697,-1.1171374291041496
0.05,1.0,50,multiplicative,10.0,45.77236481104948,6.765527681640914,5.66004185241764,0.03056950674125557,-1.3873874897328862
0.05,10.0,10,additive,0.01,47.78702047551101,6.912815669140254,5.741507451079839,0.03091419811861872,-1.4924675691500164
0.05,10.0,10,additive,0.1,113.48957131434989,10.65314842261901,9.82192905098417,0.05256847381208479,-4.919370429941631
0.05,10.0,10,additive,1.0,113.91414609068343,10.673057017119483,9.84244315299495,0.05267729868540972,-4.941515331426602
0.05,10.0,10,additive,10.0,117.69704120887673,10.848826720382105,10.029975345093085,0.05367541648334706,-5.138822953993792
0.05,10.0,10,multiplicative,0.01,41.89088774352999,6.472317030517741,5.1513949520688715,0.027765532443426295,-1.184938046036148
0.05,10.0,10,multiplicative,0.1,236.79694689299933,15.38820804684546,14.398423971541623,0.0768375348793613,-11.350816282990454
0.05,10.0,10,multiplicative,1.0,360.3200003750423,18.982096838206317,17.95407529008432,0.0957052680147675,-17.793511428718364
0.05,10.0,10,multiplicative,10.0,371.9472800530197,19.28593477260098,18.23932693759819,0.09721704839287325,-18.39996517340511
0.05,10.0,25,additive,0.01,21.60357380239729,4.647964479468113,4.150492396748457,0.022122951886038366,-0.1267956559000838
0.05,10.0,25,additive,0.1,23.151450218022017,4.81159539217732,4.157561006665465,0.022050490424522447,-0.20752953988378797
0.05,10.0,25,additive,1.0,22.230751833017365,4.714949822958603,4.183952449050689,0.022254492947923095,-0.15950790466238107
0.05,10.0,25,additive,10.0,22.191609338547387,4.710797102247919,4.201427519472278,0.022368662356133228,-0.15746631686152512
0.05,10.0,25,multiplicative,0.01,25.070794563348667,5.007074451548395,4.428561966564011,0.023609205256898736,-0.30763838716397585
0.05,10.0,25,multiplicative,0.1,33.13818360963044,5.756577421491909,5.1959653389595815,0.02779986817390125,-0.7284159406814172
0.05,10.0,25,multiplicative,1.0,66.34519368293621,8.145255900396021,7.522945520660815,0.04009004827869488,-2.4604217207565244
0.05,10.0,25,multiplicative,10.0,64.38200115592295,8.02383955198027,7.406741340403975,0.03943854556834617,-2.35802584721413
0.05,10.0,50,additive,0.01,20.99636840199376,4.582179437996046,3.99708657151135,0.021425130994174715,-0.09512513630587449
0.05,10.0,50,additive,0.1,22.998036239884748,4.7956267827975045,4.1296898280934995,0.02218074453708181,-0.1995277987968458
0.05,10.0,50,additive,1.0,22.25369523494015,4.717382243886979,4.07869387032144,0.02189003523960656,-0.16070458285343547
0.05,10.0,50,additive,10.0,22.325522746997585,4.724989179564075,4.083605452277967,0.021918045854577423,-0.164450950435981
0.05,10.0,50,multiplicative,0.01,24.17622080805361,4.916932052413742,4.25100274539729,0.022786794416344396,-0.2609793560902911
0.05,10.0,50,multiplicative,0.1,33.839755507993786,5.817194814340825,4.917115537099541,0.026469875218760378,-0.7650084125848238
0.05,10.0,50,multiplicative,1.0,42.372441487727826,6.509411762035632,5.446313050912176,0.02940198765390134,-1.2100548471732044
0.05,10.0,50,multiplicative,10.0,58.25412486400279,7.632438985278742,6.552846789391075,0.03536362109804986,-2.0384090815444362
