ds,yhat,yhat_lower,yhat_upper
2021-01-04,188.0399933,181.9568986,194.123088
2021-01-05,129.4100037,122.6630759,136.1569314
2021-01-06,131.0099945,124.2647463,137.7552427
2021-01-07,126.5999985,119.8533518,133.3466451
2021-01-08,130.9199982,124.1720994,137.6678969
2021-01-11,132.0500031,125.3040466,138.7959595
2021-01-12,128.9799957,122.2345695,135.7254219
2021-01-13,128.8000031,122.0566587,135.5433474
2021-01-14,130.8899994,124.1480253,137.6319735
2021-01-15,128.9100037,122.1694803,135.6505271
2021-01-19,127.1399994,120.4010694,133.8789294
2021-01-20,127.8300018,121.0931503,134.5668534
2021-01-21,132.0299988,125.2920809,138.7679167
2021-01-22,136.8699951,130.1299537,143.6100366
2021-01-25,139.0700073,132.331243,145.8087716
2021-01-26,142.9199982,136.1806238,149.6593726
2021-01-27,143.1600037,136.4228393,149.897168
2021-01-28,142.0599976,135.3247693,148.7952258
2021-01-29,137.0899963,130.3524163,143.8275764
2021-02-01,131.9600067,125.2197842,138.7002292
2021-02-02,134.1399994,127.4010653,140.8789335
2021-02-03,134.9900055,128.2530917,141.7269193
2021-02-04,133.9400024,127.2050379,140.6749669
2021-02-05,137.3899994,130.6550349,144.1249639
2021-02-08,136.7599945,130.0270872,143.4929018
2021-02-09,136.9100037,130.1792369,143.6407705
2021-02-10,136.0099945,129.2812231,142.7387659
2021-02-11,135.3899994,128.6632987,142.1167001
2021-02-12,135.1300049,128.4054304,141.8545794
2021-02-16,135.3699951,128.6475466,142.0924436
2021-02-17,133.1900024,126.4688263,139.9111786
2021-02-18,130.8399963,124.1199513,137.5600414
2021-02-19,129.7100067,122.991861,136.4281524
2021-02-22,129.8699951,123.1539737,136.5860165
2021-02-23,126,119.2833265,132.7166735
2021-02-24,125.8600006,119.1455155,132.5744857
2021-02-25,125.3499985,118.6375902,132.0624068
2021-02-26,120.9899979,114.2762731,127.7037227
2021-03-01,121.2600021,114.5483848,127.9716194
2021-03-02,127.7900009,121.0727996,134.5072022
2021-03-03,125.1200027,118.4036357,131.8363698
2021-03-04,122.0599976,115.344146,128.7758491
2021-03-05,120.1299973,113.4155039,126.8444906
2021-03-08,121.4199982,114.7073194,128.132677
2021-03-09,116.3600006,109.644824,123.0751772
2021-03-10,121.0899963,114.3729071,127.8070855
2021-03-11,119.9800034,113.2648038,126.6952029
2021-03-12,121.9599991,115.2462045,128.6737937
2021-03-15,121.0299988,114.3181563,127.7418412
2021-03-16,123.9899979,117.278796,130.7011997
2021-03-17,125.5699997,118.8603458,132.2796535
2021-03-18,124.7600021,118.0523328,131.4676715
2021-03-19,120.5299988,113.8212216,127.2387759
2021-03-22,119.9899979,113.2832676,126.6967281
2021-03-23,123.3899994,116.6832692,130.0967296
2021-03-24,122.5400009,115.8352642,129.2447376
2021-03-25,120.0899963,113.3862798,126.7937129
2021-03-26,120.5899963,113.8883275,127.2916652
2021-03-29,121.2099991,114.5103522,127.909646
2021-03-30,121.3899994,114.6924354,128.0875633
2021-03-31,119.9000015,113.2041277,126.5958754
2021-04-01,122.1500015,115.4553083,128.8446947
2021-04-05,123,116.3072609,129.6927391
2021-04-06,125.9000015,119.2078428,132.5921603
2021-04-07,126.2099991,119.5199028,132.9000953
2021-04-08,127.9000015,121.2114739,134.5885291
2021-04-09,130.3600006,123.6724704,137.0475308
2021-04-12,133,126.3133024,139.6866976
2021-04-13,131.2400055,124.5548291,137.9251819
2021-04-14,134.4299927,127.745131,141.1148543
2021-04-15,132.0299988,125.346127,138.7138706
2021-04-16,134.5,127.8171114,141.1828886
2021-04-19,134.1600037,127.479161,140.8408463
2021-04-20,134.8399963,128.1611364,141.5188563
2021-04-21,133.1100006,126.432672,139.7873292
2021-04-22,133.5,126.8247054,140.1752946
2021-04-23,131.9400024,125.2663352,138.6136697
2021-04-26,134.3200073,127.6473925,140.9926222
2021-04-27,134.7200012,128.0494137,141.3905887
2021-04-28,134.3899994,127.7214466,141.0585522
2021-04-29,133.5800018,126.913385,140.2466187
2021-04-30,133.4799957,126.8154274,140.1445641
2021-05-03,131.4600067,124.796764,138.1232494
2021-05-04,132.5399933,125.8785906,139.2013959
2021-05-05,127.8499985,121.1867475,134.5132495
2021-05-06,128.1000061,121.4387881,134.7612241
2021-05-07,129.7400055,123.0803544,136.3996566
2021-05-10,130.2100067,123.5523571,136.8676563
2021-05-11,126.8499985,120.1923489,133.5076481
2021-05-12,125.9100037,119.2542795,132.5657278
2021-05-13,122.7699966,116.1146336,129.4253597
2021-05-14,124.9700012,118.3157528,131.6242497
2021-05-17,127.4499969,120.7966966,134.1032973
2021-05-18,126.2699966,119.6184819,132.9215114
2021-05-19,124.8499985,118.2001578,131.4998391
2021-05-20,124.6900024,118.0421849,131.33782
2021-05-21,127.3099976,120.6629973,133.9569979
2021-05-24,125.4300003,118.7844021,132.0755985
2021-05-25,127.0999985,120.4559322,133.7440647
2021-05-26,126.9000015,120.2579491,133.5420539
2021-05-27,126.8499985,120.2099648,133.4900321
2021-05-28,125.2799988,118.6415493,131.9184483
2021-06-01,124.6100006,117.9734877,131.2465135
2021-06-02,124.2799988,117.6454806,130.914517
2021-06-03,125.0599976,118.4273845,131.6926106
2021-06-04,123.5400009,116.9089926,130.1710093
2021-06-07,125.8899994,119.2600305,132.5199683
2021-06-08,125.9000015,119.2720394,132.5279637
2021-06-09,126.7399979,120.1139171,133.3660786
2021-06-10,127.1299973,120.5058932,133.7541013
2021-06-11,126.1100006,119.4877158,132.7322854
2021-06-14,127.3499985,120.7294441,133.9705529
2021-06-15,130.4799957,123.8597906,137.1002009
2021-06-16,129.6399994,123.0216007,136.2583981
2021-06-17,130.1499939,123.5335447,136.7664431
2021-06-18,131.7899933,125.1750669,138.4049196
2021-06-21,130.4600067,123.8467626,137.0732509
2021-06-22,132.3000031,125.688157,138.9118491
2021-06-23,133.9799957,127.3696448,140.5903467
2021-06-24,133.6999969,127.0916187,140.3083752
2021-06-25,133.4100037,126.8035955,140.0164118
2021-06-28,133.1100006,126.5055598,139.7144414
2021-06-29,134.7799988,128.1770527,141.3829449
2021-06-30,136.3300018,129.7286162,142.9313875
2021-07-01,136.9600067,130.3605297,143.5594837
2021-07-02,137.2700043,130.6724867,143.8675219
2021-07-06,139.9600067,133.3632029,146.5568106
2021-07-07,142.0200043,135.4244342,148.6155743
2021-07-08,144.5700073,137.9752767,151.1647379
2021-07-09,143.2400055,136.6469369,149.8330741
2021-07-12,145.1100006,138.5182921,151.7017091
2021-07-13,144.5,137.9101934,151.0898066
2021-07-14,145.6399994,139.051932,152.2280668
2021-07-15,149.1499939,142.5617285,155.7382593
2021-07-16,148.4799957,141.8936351,155.0663564
2021-07-19,146.3899994,139.804841,152.9751577
2021-07-20,142.4499969,135.8640179,149.035976
2021-07-21,146.1499939,139.5636463,152.7363415
2021-07-22,145.3999939,138.8155441,151.9844437
2021-07-23,146.8000031,140.2171691,153.382837
2021-07-26,148.5599976,141.9785808,155.1414144
2021-07-27,148.9900055,142.4105086,155.5695024
2021-07-28,146.7700043,140.1916049,153.3484036
2021-07-29,144.9799957,138.4029908,151.5570006
2021-07-30,145.6399994,139.0648663,152.2151325
2021-08-02,145.8600006,139.2868047,152.4331965
2021-08-03,145.5200043,138.9487323,152.0912763
2021-08-04,147.3600006,140.7900859,153.9299153
2021-08-05,146.9499969,140.3819937,153.5180002
2021-08-06,147.0599976,140.4939311,153.6260641
2021-08-09,146.1399994,139.575724,152.7042748
2021-08-10,146.0899963,139.527656,152.6523367
2021-08-11,145.6000061,139.0395582,152.160454
2021-08-12,145.8600006,139.3014731,152.4185281
2021-08-13,148.8899994,142.3319102,155.4480886
2021-08-16,149.1000061,142.5437478,155.6562644
2021-08-17,151.1199951,144.5649615,157.6750287
2021-08-18,150.1900024,143.6367457,156.7432592
2021-08-19,146.3600006,139.8060728,152.9139284
2021-08-20,146.6999969,140.1480431,153.2519508
2021-08-23,148.1900024,141.6395886,154.7404163
2021-08-24,149.7100067,143.1611158,156.2588977
2021-08-25,149.6199951,143.0730212,156.1669691
2021-08-26,148.3600006,141.8146708,154.9053304
2021-08-27,147.5399933,140.9964632,154.0835234
2021-08-30,148.6000061,142.0581967,155.1418155
2021-08-31,153.1199951,146.576592,159.6633983
2021-09-01,151.8300018,145.2882245,158.3717792
2021-09-02,152.5099945,145.9700475,159.0499415
2021-09-03,153.6499939,147.1117323,160.1882555
2021-09-07,154.3000031,147.7635755,160.8364306
2021-09-08,156.6900024,150.1545016,163.2255033
2021-09-09,155.1100006,148.5759757,161.6440255
2021-09-10,154.0700073,147.5376991,160.6023156
2021-09-13,148.9700012,142.4351445,155.5048579
2021-09-14,149.5500031,143.0169887,156.0830174
2021-09-15,148.1199951,141.5885298,154.6514605
2021-09-16,149.0299988,142.5002887,155.5597089
2021-09-17,148.7899933,142.2621684,155.3178181
2021-09-20,146.0599976,139.5327943,152.5872008
2021-09-21,142.9400024,136.4130939,149.466911
2021-09-22,143.4299927,136.9048706,149.9551147
2021-09-23,145.8500061,139.3257753,152.3742369
2021-09-24,146.8300018,140.3074952,153.3525085
2021-09-27,146.9199982,140.3993766,153.4406197
2021-09-28,145.3699951,138.8508494,151.8891409
2021-09-29,141.9100037,135.3906851,148.4293222
2021-09-30,142.8300018,136.3124397,149.347564
2021-10-01,141.5,134.9840177,148.0159823
2021-10-04,142.6499939,136.1356659,149.1643219
2021-10-05,139.1399994,132.6254295,145.6545692
2021-10-06,141.1100006,134.5966737,147.6233276
2021-10-07,142,135.4884135,148.5115865
2021-10-08,143.2899933,136.7799979,149.7999886
2021-10-11,142.8999939,136.3918447,149.4081431
2021-10-12,142.8099976,136.3037174,149.3162777
2021-10-13,141.5099945,135.0052966,148.0146924
2021-10-14,140.9100037,134.4071119,147.4128954
2021-10-15,143.7599945,137.257731,150.262258
2021-10-18,144.8399963,138.3392606,151.340732
2021-10-19,146.5500031,140.0506351,153.049371
2021-10-20,148.7599945,142.2616613,155.2583277
2021-10-21,149.2599945,142.7634789,155.7565102
2021-10-22,149.4799957,142.9853304,155.974661
2021-10-25,148.6900024,142.1970886,155.1829163
2021-10-26,148.6399994,142.1489404,155.1310583
2021-10-27,149.3200073,142.830724,155.8092906
2021-10-28,148.8500061,142.3625377,155.3374745
2021-10-29,152.5700073,146.0819941,159.0580205
2021-11-01,149.8000031,143.3126026,156.2874035
2021-11-02,148.9600067,142.4743355,155.445678
2021-11-03,150.0200043,143.5359905,156.5040181
2021-11-04,151.4900055,145.0074728,157.9725382
2021-11-05,150.9600067,144.4792705,157.4407429
2021-11-08,151.2799988,144.8010878,157.7589098
2021-11-09,150.4400024,143.9628135,156.9171914
2021-11-10,150.8099976,144.3346248,157.2853703
2021-11-11,147.9199982,141.4451855,154.3948109
2021-11-12,147.8699951,141.3968901,154.3431001
2021-11-15,149.9900055,143.5179795,156.4620315
2021-11-16,150,143.5298075,156.4701925
2021-11-17,151,144.5314715,157.4685285
2021-11-18,153.4900055,147.0222658,159.9577452
2021-11-19,157.8699951,151.4008623,164.339128
2021-11-22,160.5500031,154.0814933,167.0185128
2021-11-23,161.0200043,154.5532846,167.4867239
2021-11-24,161.4100037,154.9450845,167.8749228
2021-11-26,161.9400024,155.4768606,168.4031443
2021-11-29,156.8099976,150.3442678,163.2757273
2021-11-30,160.2400055,153.7741106,166.7059004
2021-12-01,165.3000031,158.8316626,171.7683435
2021-12-02,164.7700043,158.3034381,171.2365705
2021-12-03,163.7599945,157.2950775,170.2249115
2021-12-06,161.8399963,155.3762817,168.303711
2021-12-07,165.3200073,158.8560618,171.7839529
2021-12-08,171.1799927,164.7121557,177.6478296
2021-12-09,175.0800018,168.6113585,181.5486452
2021-12-10,174.5599976,168.0932107,181.0267844
2021-12-13,179.4499969,172.9810408,185.9189531
2021-12-14,175.7400055,169.2705143,182.2094967
2021-12-15,174.3300018,167.8620496,180.797954
2021-12-16,179.3000031,172.829755,185.7702511
2021-12-17,172.2599945,165.7833252,178.7366639
2021-12-20,171.1399994,164.6649349,177.6150638
2021-12-21,169.75,163.2764251,176.2235749
2021-12-22,172.9900055,166.5164306,179.4635804
2021-12-23,175.6399994,169.1671368,182.112862
2021-12-27,176.2799988,169.8088743,182.7511232
2021-12-28,180.3300018,173.857967,186.8020366
2021-12-29,179.2899933,172.8195833,185.7604033
2021-12-30,179.3800049,172.9113961,185.8486137
2021-12-31,178.1999969,171.7329591,184.6670348
2022-01-03,177.5700073,171.1047034,184.0353112
2022-01-04,182.0099945,175.5432317,188.4767573
2022-01-05,179.6999969,173.2341505,186.1658434
2022-01-06,174.9199982,168.4521773,181.387819
2022-01-07,172,165.5326863,178.4673137
2022-01-10,172.1699982,165.7043569,178.6356394
2022-01-11,172.1900024,165.7261543,178.6538505
2022-01-12,175.0800018,168.6166958,181.5433079
2022-01-13,175.5299988,169.0683239,181.9916737
2022-01-14,172.1900024,165.7283276,178.6516773
2022-01-18,173.0700073,166.6099461,179.5300686
2022-01-19,169.8000031,163.3399418,176.2600643
2022-01-20,166.2299957,159.7696197,172.6903717
2022-01-21,164.5099945,158.050951,170.969038
2022-01-24,162.4100037,155.9520195,168.8679878
2022-01-25,161.6199951,155.1636906,168.0762996
2022-01-26,159.7799988,153.3249195,166.235078
2022-01-27,159.6900024,153.2367011,166.1433037
2022-01-28,159.2200012,152.7684417,165.6715607
2022-01-31,170.3300018,163.8599944,176.8000092
2022-02-01,174.7799988,168.3085519,181.2514456
2022-02-02,174.6100006,168.1403288,181.0796724
2022-02-03,175.8399963,169.3718563,182.3081364
2022-02-04,172.8999939,166.4323311,179.3676567
2022-02-07,172.3899994,165.9239597,178.8560391
2022-02-08,171.6600037,165.1956517,178.1243556
2022-02-09,174.8300018,168.3658264,181.2941772
2022-02-10,176.2799988,169.8172117,182.7427858
2022-02-11,172.1199951,165.6561608,178.5838295
2022-02-14,168.6399994,162.17594,175.1040587
2022-02-15,168.8800049,162.4177293,175.3422805
2022-02-16,172.7899933,166.3269133,179.2530733
2022-02-17,172.5500031,166.088767,179.0112391
2022-02-18,168.8800049,162.4182957,175.341714
2022-02-22,167.3000031,160.8397041,173.760302
2022-02-23,164.3200073,157.8601287,170.7798859
2022-02-24,160.0700073,153.6088629,166.5311518
2022-02-25,162.7400055,156.2794671,169.2005439
2022-02-28,164.8500061,158.3905067,171.3095055
2022-03-01,165.1199951,158.6622431,171.5777472
2022-03-02,163.1999969,156.743406,169.6565879
2022-03-03,166.5599976,160.1034066,173.0165885
2022-03-04,166.2299957,159.7750719,172.6849195
2022-03-07,163.1699982,156.7153884,169.624608
2022-03-08,159.3000031,152.8445619,165.7554442
2022-03-09,157.4400024,150.9858444,163.8941605
2022-03-10,162.9499969,156.4926881,169.4073058
2022-03-11,158.5200043,152.0612812,164.9787274
2022-03-14,154.7299957,148.2706396,161.1893519
2022-03-15,150.6199951,144.1597358,157.0802545
2022-03-16,155.0899963,148.6282696,161.5517231
2022-03-17,159.5899963,153.1267609,166.0532318
2022-03-18,160.6199951,154.1583369,167.0816533
2022-03-21,163.9799957,157.5183375,170.4416539
2022-03-22,165.3800049,158.9197101,171.8402997
2022-03-23,168.8200073,162.3595384,175.2804763
2022-03-24,170.2100067,163.7509897,176.6690237
2022-03-25,174.0700073,167.6102644,180.5297502
2022-03-28,174.7200012,168.2620099,181.1779925
2022-03-29,175.6000061,169.1436307,182.0563815
2022-03-30,178.9600067,172.5036313,185.4163821
2022-03-31,177.7700043,171.3150696,184.2249389
2022-04-01,174.6100006,168.1552465,181.0647547
2022-04-04,174.3099976,167.8569216,180.7630735
2022-04-05,178.4400024,171.9859326,184.8940723
2022-04-06,175.0599976,168.6059277,181.5140674
2022-04-07,171.8300018,165.375932,178.2840717
2022-04-08,172.1399994,165.6876182,178.5923806
2022-04-11,170.0899963,163.6386745,176.5413182
2022-04-12,165.75,159.2974017,172.2025983
2022-04-13,167.6600037,161.2085519,174.1114555
2022-04-14,170.3999939,163.949236,176.8507518
2022-04-18,165.2899933,158.836638,171.7433486
2022-04-19,165.0700073,158.61837,171.5216446
2022-04-20,167.3999939,160.9492172,173.8507706
2022-04-21,167.2299957,160.7809374,173.6790541
2022-04-22,166.4199982,159.9725573,172.867439
2022-04-25,161.7899933,155.3408653,168.2391213
2022-04-26,162.8800049,156.432408,169.3276018
2022-04-27,156.8000031,150.3482554,163.2517507
2022-04-28,156.5700073,150.1199706,163.0200441
2022-04-29,163.6399994,157.1837556,170.0962432
2022-05-02,157.6499939,151.1897895,164.1101983
2022-05-03,157.9600067,151.5015059,164.4185075
2022-05-04,159.4799957,153.0228467,165.9371448
2022-05-05,166.0200043,159.5578115,172.4821971
2022-05-06,156.7700043,150.2960272,163.2439813
2022-05-09,157.2799988,150.8077052,163.7522924
2022-05-10,152.0599976,145.5851315,158.5348636
2022-05-11,154.5099945,148.0359011,160.9840879
2022-05-12,146.5,140.017537,152.982463
2022-05-13,142.5599976,136.0767323,149.0432628
2022-05-16,147.1100006,140.6252906,153.5947106
2022-05-17,145.5399933,139.0566125,152.023374
2022-05-18,149.2400055,142.7561428,155.7238682
2022-05-19,140.8200073,134.3268122,147.3132024
2022-05-20,137.3500061,130.856629,143.8433832
2022-05-23,137.5899963,131.0983438,144.0816489
2022-05-24,143.1100006,136.615304,149.6046972
2022-05-25,140.3600006,133.8658376,146.8541637
2022-05-26,140.5200043,134.0275489,147.0124597
2022-05-27,143.7799988,137.2875434,150.2724542
2022-05-31,149.6399994,143.1439583,156.1360405
2022-06-01,148.8399963,142.3455656,155.3344271
2022-06-02,148.7100067,142.2172817,155.2027317
2022-06-03,151.2100067,144.7180167,157.7019967
2022-06-06,145.3800049,138.8844368,151.8755729
2022-06-07,146.1399994,139.6460479,152.6339509
2022-06-08,148.7100067,142.2167345,155.203279
2022-06-09,147.9600067,141.4683505,154.4516629
2022-06-10,142.6399994,136.1456546,149.1343442
2022-06-13,137.1300049,130.6326565,143.6273533
2022-06-14,131.8800049,125.3800907,138.379919
2022-06-15,132.7599945,126.2616623,139.2583267
2022-06-16,135.4299927,128.9322584,141.927727
2022-06-17,130.0599976,123.5595045,136.5604906
2022-06-21,131.5599976,125.0608563,138.0591388
2022-06-22,135.8699951,129.3696836,142.3703066
2022-06-23,135.3500061,128.85135,141.8486622
2022-06-24,138.2700043,131.7718381,144.7681704
2022-06-27,141.6600037,135.1616293,148.158378
2022-06-28,141.6600037,135.1633455,148.1566618
2022-06-29,137.4400024,130.9422937,143.9377112
2022-06-30,139.2299957,132.7334858,145.7265056
2022-07-01,136.7200012,130.2242128,143.2157897
2022-07-05,138.9299927,132.4351427,145.4248426
2022-07-06,141.5599976,135.0657727,148.0542224
2022-07-07,142.9199982,136.4271766,149.4128197
2022-07-08,146.3500061,139.8570487,152.8429635
2022-07-11,147.0399933,140.5486628,153.5313237
2022-07-12,144.8699951,138.3796262,151.3603641
2022-07-13,145.8600006,139.3711645,152.3488368
2022-07-14,145.4900055,139.0028304,151.9771806
2022-07-15,148.4700012,141.9832376,154.9567648
2022-07-18,150.1699982,143.6843782,156.6556181
2022-07-19,147.0700073,140.584653,153.5553616
2022-07-20,151,144.5138069,157.4861931
2022-07-21,153.0399933,146.5549297,159.5250569
2022-07-22,155.3500061,148.8658016,161.8342106
2022-07-25,154.0899963,147.6072235,160.5727691
2022-07-26,152.9499969,146.4686989,159.431295
2022-07-27,151.6000061,145.1201017,158.0799105
2022-07-28,156.7899933,150.3076426,163.272344
2022-07-29,157.3500061,150.8692784,163.8307338
2022-08-01,162.5099945,156.0268712,168.9931178
2022-08-02,161.5099945,155.028388,167.991601
2022-08-03,160.0099945,153.529713,166.490276
2022-08-04,166.1300049,159.6456803,172.6143295
2022-08-05,165.8099976,159.3273249,172.2926702
2022-08-08,165.3500061,158.8689671,171.8310451
2022-08-09,164.8699951,158.3905856,171.3494046
2022-08-10,164.9199982,158.4422516,171.3977447
2022-08-11,169.2400055,162.7610819,175.7189291
2022-08-12,168.4900055,162.0126576,174.9673534
2022-08-15,172.1000061,165.6222992,178.577713
2022-08-16,173.1900024,166.7138128,179.6661921
2022-08-17,173.0299988,166.5554634,179.5045341
2022-08-18,174.5500031,168.0767739,181.0232322
2022-08-19,174.1499939,167.6783961,180.6215917
2022-08-22,171.5200043,165.0490116,177.990997
2022-08-23,167.5700073,161.0982156,174.041799
2022-08-24,167.2299957,160.7599249,173.7000665
2022-08-25,167.5299988,161.0615659,173.9984316
2022-08-26,170.0299988,163.5622695,176.4977281
2022-08-29,163.6199951,157.1476933,170.092297
2022-08-30,161.3800049,154.9085945,167.8514153
2022-08-31,158.9100037,152.4393192,165.3806881
2022-09-01,157.2200012,150.7505325,163.68947
2022-09-02,157.9600067,151.4921015,164.427912
2022-09-06,155.8099976,149.3430393,162.2769558
2022-09-07,154.5299988,148.064437,160.9955606
2022-09-08,155.9600067,149.4957791,162.4242343
2022-09-09,154.4600067,147.9970812,160.9229322
2022-09-12,157.3699951,150.9075427,163.8324475
2022-09-13,163.4299927,156.9635325,169.8964529
2022-09-14,153.8399963,147.3613287,160.318664
2022-09-15,155.3099976,148.8326537,161.7873414
2022-09-16,152.3699951,145.8930952,158.8468951
2022-09-19,150.6999969,144.2242166,157.1757773
2022-09-20,154.4799957,148.0036485,160.956343
2022-09-21,156.8999939,150.4244669,163.3755209
2022-09-22,153.7200012,147.2446307,160.1953717
2022-09-23,152.7400055,146.2660911,159.2139199
2022-09-26,150.4299927,143.9569137,156.9030716
2022-09-27,150.7700043,144.2985418,157.2414668
2022-09-28,151.7599945,145.290018,158.229971
2022-09-29,149.8399963,143.3710995,156.3088931
2022-09-30,142.4799957,136.0046238,148.9553676
2022-10-03,138.1999969,131.7235208,144.6764731
2022-10-04,142.4499969,135.9724541,148.9275398
2022-10-05,146.1000061,139.6220621,152.5779501
2022-10-06,146.3999939,139.9237087,152.8762791
2022-10-07,145.4299927,138.9551955,151.9047899
2022-10-10,140.0899963,133.6125756,146.567417
2022-10-11,140.4199982,133.9441882,146.8958082
2022-10-12,138.9799957,132.5055026,145.4544888
2022-10-13,138.3399963,131.8670667,144.812926
2022-10-14,142.9900055,136.5154816,149.4645294
2022-10-17,138.3800049,131.9039437,144.8560661
2022-10-18,142.4100037,135.9330565,148.8869509
2022-10-19,143.75,137.2745029,150.2254971
2022-10-20,143.8600006,137.3861223,150.3338789
2022-10-21,143.3899994,136.9177078,149.862291
2022-10-24,147.2700043,140.7970232,153.7429854
2022-10-25,149.4499969,142.9780026,155.9219913
2022-10-26,152.3399963,145.8684934,158.8114993
2022-10-27,149.3500061,142.8787342,155.821278
2022-10-28,144.8000031,138.3272264,151.2727797
2022-10-31,155.7400055,149.2511382,162.2288728
2022-11-01,153.3399963,146.8519082,159.8280845
2022-11-02,150.6499939,144.1624548,157.137533
2022-11-03,145.0299988,138.5394186,151.520579
2022-11-04,138.8800049,132.3854697,145.3745401
2022-11-07,138.3800049,131.8870491,144.8729606
2022-11-08,138.9199982,132.4286141,145.4113822
2022-11-09,139.5,133.0101798,145.9898202
2022-11-10,134.8699951,128.3786355,141.3613548
2022-11-11,146.8699951,140.3591035,153.3808867
2022-11-14,149.6999969,143.1896943,156.2102996
2022-11-15,148.2799988,141.7708869,154.7891107
2022-11-16,150.0399933,143.5320419,156.5479447
2022-11-17,148.7899933,142.2834259,155.2965607
2022-11-18,150.7200012,144.2145007,157.2255017
2022-11-21,151.2899933,144.7860556,157.7939309
2022-11-22,148.0099945,141.5060569,154.5139322
2022-11-23,150.1799927,143.6770128,156.6829725
2022-11-25,151.0700073,144.5685191,157.5714955
2022-11-28,148.1100006,141.6089332,154.611068
2022-11-29,144.2200012,137.7181548,150.7218476
2022-11-30,141.1699982,134.6685775,147.6714189
2022-12-01,148.0299988,141.5232295,154.5367681
2022-12-02,148.3099976,141.8048223,154.8151728
2022-12-05,147.8099976,141.3063892,154.3136059
2022-12-06,146.6300049,140.127796,153.1322137
2022-12-07,142.9100037,136.4073338,149.4126735
2022-12-08,140.9400024,134.4384178,147.4415871
2022-12-09,142.6499939,136.1495834,149.1504044
2022-12-12,142.1600037,135.6611563,148.658851
2022-12-13,144.4900055,137.9919667,150.9880443
2022-12-14,145.4700012,138.9734188,151.9665837
2022-12-15,143.2100067,136.7142778,149.7057356
2022-12-16,136.5,129.9993331,143.0006669
2022-12-19,134.5099945,128.0103489,141.0096401
2022-12-20,132.3699951,125.8712792,138.868711
2022-12-21,132.3000031,125.8028785,138.7971276
2022-12-22,135.4499969,128.9530715,141.9469224
2022-12-23,132.2299957,125.7330703,138.7269212
2022-12-27,131.8600006,125.3646898,138.3553114
2022-12-28,130.0299988,123.535792,136.5242055
2022-12-29,126.0400009,119.5449945,132.5350073
2022-12-30,129.6100006,123.1148047,136.1051965
2023-01-03,129.9299927,123.4363879,136.4235974
2023-01-04,125.0699997,118.5745703,131.5654291
2023-01-05,126.3600006,119.8659155,132.8540858
2023-01-06,125.0199966,118.5272359,131.5127574
2023-01-09,129.6199951,123.1257661,136.1142241
2023-01-10,130.1499939,123.6573061,136.6426817
2023-01-11,130.7299957,124.2388402,137.2211513
2023-01-12,133.4900055,126.9994723,139.9805387
2023-01-13,133.4100037,126.9209084,139.8990989
2023-01-17,134.7599945,128.2722145,141.2477745
2023-01-18,135.9400024,129.4535985,142.4264064
2023-01-19,135.2100067,128.7251014,141.694912
2023-01-20,135.2700043,128.7866726,141.7533359
2023-01-23,137.8699951,131.3872649,144.3527253
2023-01-24,141.1100006,134.6272704,147.5927308
2023-01-25,142.5299988,136.0486137,149.0113839
2023-01-26,141.8600006,135.3801213,148.33988
2023-01-27,143.9600067,137.4810636,150.4389499
2023-01-30,145.9299927,139.4520607,152.4079247
2023-01-31,143,136.522503,149.477497
2023-02-01,144.2899933,137.8137245,150.7662621
2023-02-02,145.4299927,138.9551028,151.9048826
2023-02-03,150.8200073,144.3425185,157.2974962
2023-02-06,154.5,148.0220913,160.9779087
2023-02-07,151.7299957,145.252748,158.2072435
2023-02-08,154.6499939,148.1729951,161.1269927
2023-02-09,151.9199982,145.4435682,158.3964281
2023-02-10,150.8699951,144.3948383,157.345152
2023-02-13,151.0099945,144.5363945,157.4835945
2023-02-14,153.8500061,147.3769336,160.3230786
2023-02-15,153.1999969,146.7283006,159.6716933
2023-02-16,155.3300018,148.8592144,161.8007892
2023-02-17,153.7100067,147.2404003,160.1796131
2023-02-21,152.5500031,146.0817592,159.0182469
2023-02-22,148.4799957,142.0108455,154.949146
2023-02-23,148.9100037,142.4424772,155.3775301
2023-02-24,149.3999939,142.9339852,155.8660026
2023-02-27,146.7100067,140.2446745,153.1753389
2023-02-28,147.9199982,141.4558506,154.3841457
2023-03-01,147.4100037,140.9473679,153.8726395
2023-03-02,145.3099976,138.8482818,151.7717133
2023-03-03,145.9100037,139.4497833,152.370224
2023-03-06,151.0299988,144.5675952,157.4924023
2023-03-07,153.8300018,147.3681601,160.2918436
2023-03-08,151.6000061,145.1388716,158.0611406
2023-03-09,152.8699951,146.410175,159.3298152
2023-03-10,150.5899963,144.1309807,157.049012
2023-03-13,148.5,142.0419059,154.9580941
2023-03-14,150.4700012,144.0128971,156.9271053
2023-03-15,152.5899963,146.1337944,159.0461983
2023-03-16,152.9900055,146.5353195,159.4446915
2023-03-17,155.8500061,149.3958145,162.3041977
2023-03-20,155,148.5471266,161.4528734
2023-03-21,157.3999939,150.9478403,163.8521475
2023-03-22,159.2799988,152.8288794,165.7311181
2023-03-23,157.8300018,151.3801187,164.279885
2023-03-24,158.9299927,152.4814711,165.3785142
2023-03-27,160.25,153.8027638,166.6972362
2023-03-28,158.2799988,151.8337444,164.7262532
2023-03-29,157.6499939,151.2052131,164.0947747
2023-03-30,160.7700043,154.325424,167.2145846
2023-03-31,162.3600006,155.9165431,168.8034581
2023-04-03,164.8999939,158.457152,171.3428358
2023-04-04,166.1699982,159.7284544,172.6115419
2023-04-05,165.6300049,159.1899451,172.0700647
2023-04-06,163.7599945,157.3209653,170.1990238
2023-04-10,164.6600037,158.2223831,171.0976242
2023-04-11,162.0299988,155.5929246,168.467073
2023-04-12,160.8000031,154.3642365,167.2357696
2023-04-13,160.1000061,153.6656906,166.5343216
2023-04-14,165.5599976,159.1229999,171.9969952
2023-04-17,165.2100067,158.7745109,171.6455025
2023-04-18,165.2299957,158.7960178,171.6639736
2023-04-19,166.4700012,160.0373238,172.9026786
2023-04-20,167.6300049,161.198654,174.0613557
2023-04-21,166.6499939,160.2200227,173.0799651
2023-04-24,165.0200043,158.5911733,171.4488353
2023-04-25,165.3300018,158.9026701,171.7573336
2023-04-26,163.7700043,157.3438423,170.1961663
2023-04-27,163.7599945,157.3353431,170.1846459
2023-04-28,168.4100037,161.9838245,174.8361829
2023-05-01,169.6799927,163.2550963,176.1048891
2023-05-02,169.5899963,163.1666071,176.0133856
2023-05-03,168.5399933,162.1179567,174.9620299
2023-05-04,167.4499969,161.0292999,173.870694
2023-05-05,165.7899933,159.370415,172.2095715
2023-05-08,173.5700073,167.1434484,179.9965662
2023-05-09,173.5,167.0749477,179.9250523
2023-05-10,171.7700043,165.3460373,178.1939713
2023-05-11,173.5599976,167.1370854,179.9829097
2023-05-12,173.75,167.3285849,180.1714151
2023-05-15,172.5700073,166.1498988,178.9901159
2023-05-16,172.0700073,165.651364,178.4886507
2023-05-17,172.0700073,165.6528631,178.4871516
2023-05-18,172.6900024,166.2743026,179.1057023
2023-05-19,175.0500031,168.6350223,181.4649838
2023-05-22,175.1600037,168.7465172,181.5734901
2023-05-23,174.1999969,167.787877,180.6121169
2023-05-24,171.5599976,165.1485705,177.9714247
2023-05-25,171.8399963,165.4298799,178.2501127
2023-05-26,172.9900055,166.5811969,179.3988141
2023-05-30,175.4299927,169.0218451,181.8381403
2023-05-31,177.3000031,170.8928582,183.7071479
2023-06-01,177.25,170.8443442,183.6556558
2023-06-02,180.0899963,173.6848268,186.4951659
2023-06-05,180.9499969,174.5460904,187.3539035
2023-06-06,179.5800018,173.1773206,185.9826831
2023-06-07,179.2100067,172.808792,185.6112214
2023-06-08,177.8200073,171.4200084,184.2200062
2023-06-09,180.5700073,174.1705849,186.9694297
2023-06-12,180.9600067,174.5619009,187.3581125
2023-06-13,183.7899933,177.3923801,190.1876065
2023-06-14,183.3099976,176.913709,189.7062861
2023-06-15,183.9499969,177.5551315,190.3448624
2023-06-16,186.0099945,179.6160187,192.4039703
2023-06-20,184.9199982,178.5273354,191.3126609
2023-06-21,185.0099945,178.6188078,191.4011812
2023-06-22,183.9600067,177.5701432,190.3498703
2023-06-23,187,180.6103953,193.3896047
2023-06-26,186.6799927,180.2917819,193.0682034
2023-06-27,185.2700043,178.8829913,191.6570173
2023-06-28,188.0599976,181.6735129,194.4464822
2023-06-29,189.25,182.8646556,195.6353444
2023-06-30,189.5899963,183.2061066,195.9738861
2023-07-03,193.9700012,187.5849239,200.3550786
2023-07-05,192.4600067,186.0760829,198.8439305
2023-07-06,191.3300018,184.9473697,197.712634
2023-07-07,191.8099976,185.4288009,198.1911942
2023-07-10,190.6799927,184.3000858,197.0598995
2023-07-11,188.6100006,182.2309667,194.9890345
2023-07-12,188.0800018,181.7023935,194.4576102
2023-07-13,189.7700043,183.3934648,196.1465437
2023-07-14,190.5399933,184.1648345,196.9151521
2023-07-17,190.6900024,184.3163022,197.0637027
2023-07-18,193.9900055,187.6163052,200.3637058
2023-07-19,193.7299957,187.3577027,200.1022888
2023-07-20,195.1000061,188.7289131,201.4710991
2023-07-21,193.1300049,186.7598344,199.5001753
2023-07-24,191.9400024,185.5710937,198.3089112
2023-07-25,192.75,186.382457,199.117543
2023-07-26,193.6199951,187.2538031,199.9861872
2023-07-27,194.5,188.1351555,200.8648445
2023-07-28,193.2200012,186.8563843,199.5836182
2023-07-31,195.8300018,189.4670821,202.1929215
2023-08-01,196.4499969,190.0882925,202.8117014
2023-08-02,195.6100006,189.2496495,201.9703517
2023-08-03,192.5800018,186.2199038,198.9400998
2023-08-04,191.1699982,184.8110084,197.528988
2023-08-07,181.9900055,175.6208756,188.3591353
2023-08-08,178.8500061,172.4808763,185.2191359
2023-08-09,179.8000031,173.4322991,186.167707
2023-08-10,178.1900024,171.823391,184.5566139
2023-08-11,177.9700012,171.6048302,184.3351723
2023-08-14,177.7899933,171.4262639,184.1537226
2023-08-15,179.4600067,173.0973403,185.8226731
2023-08-16,177.4499969,171.0882211,183.8117728
2023-08-17,176.5700073,170.2095686,182.930446
2023-08-18,174,167.6400993,180.3599007
2023-08-21,174.4900055,168.1315133,180.8484977
2023-08-22,175.8399963,169.4826954,182.1972972
2023-08-23,177.2299957,170.8738702,183.5861213
2023-08-24,181.1199951,174.7631602,187.4768301
2023-08-25,176.3800049,170.0216147,182.7383951
2023-08-28,178.6100006,172.252369,184.9676322
2023-08-29,180.1900024,173.8334669,186.5465379
2023-08-30,184.1199951,177.7627038,190.4772865
2023-08-31,187.6499939,181.2924987,194.0074891
2023-09-01,187.8699951,181.5139507,194.2260395
2023-09-05,189.4600067,183.1050519,195.8149615
2023-09-06,189.6999969,183.3464676,196.0535263
2023-09-07,182.9100037,176.5516237,189.2683836
2023-09-08,177.5599976,171.1991551,183.92084
2023-09-11,178.1799927,171.8205308,184.5394546
2023-09-12,179.3600006,173.0017812,185.71822
2023-09-13,176.3000031,169.9419987,182.6580074
2023-09-14,174.2100067,167.8527817,180.5672317
2023-09-15,175.7400055,169.3838917,182.0961192
2023-09-18,175.0099945,168.6552368,181.3647523
2023-09-19,177.9700012,171.6155679,184.3244345
2023-09-20,179.0700073,172.71675,185.4232647
2023-09-21,175.4900055,169.1363962,181.8436148
2023-09-22,173.9299927,167.5775173,180.2824681
2023-09-25,174.7899933,168.438842,181.1411446
2023-09-26,176.0800018,169.7300485,182.4299551
2023-09-27,171.9600067,165.6091758,178.3108377
2023-09-28,170.4299927,164.0802667,176.7797187
2023-09-29,170.6900024,164.3416885,177.0383164
2023-10-02,171.2100067,164.8630765,177.5569369
2023-10-03,173.75,167.4036162,180.0963838
2023-10-04,172.3999939,166.0547819,178.7452058
2023-10-05,173.6600037,167.3159947,180.0040126
2023-10-06,174.9100037,168.5672002,181.2528071
2023-10-09,177.4900055,171.1479087,183.8321022
2023-10-10,178.9900055,172.6488292,185.3311818
2023-10-11,178.3899994,172.0501886,184.7298101
2023-10-12,179.8000031,173.4613372,186.1386689
2023-10-13,180.7100067,174.3726415,187.0473719
2023-10-16,178.8500061,172.5135854,185.1864268
2023-10-17,178.7200012,172.3849889,185.0550136
2023-10-18,177.1499939,170.8160588,183.483929
2023-10-19,175.8399963,169.5072387,182.172754
2023-10-20,175.4600067,169.1286375,181.7913759
2023-10-23,172.8800049,166.5493374,179.2106724
2023-10-24,173,166.6705448,179.3294552
2023-10-25,173.4400024,167.1119266,179.7680783
2023-10-26,171.1000061,164.7725972,177.427415
2023-10-27,166.8899994,160.5616072,173.2183916
2023-10-30,168.2200012,161.8927741,174.5472284
2023-10-31,170.2899933,163.963592,176.6163945
2023-11-01,170.7700043,164.4449735,177.095035
2023-11-02,173.9700012,167.6449705,180.295032
2023-11-03,177.5700073,171.2446182,183.8953964
2023-11-06,176.6499939,170.3259302,182.9740576
2023-11-07,179.2299957,172.906629,185.5533625
2023-11-08,181.8200073,175.4970619,188.1429528
2023-11-09,182.8899994,176.5681807,189.2118181
2023-11-10,182.4100037,176.0895502,188.7304571
2023-11-13,186.3999939,180.0787075,192.7212803
2023-11-14,184.8000031,178.4798607,191.1201454
2023-11-15,187.4400024,181.1204964,193.7595085
2023-11-16,188.0099945,181.6916616,194.3283274
2023-11-17,189.7100067,183.3926791,196.0273344
2023-11-20,189.6900024,183.3740662,196.0059386
2023-11-21,191.4499969,185.1350367,197.7649572
2023-11-22,190.6399994,184.3263411,196.9536577
2023-11-24,191.3099976,184.9976681,197.622327
2023-11-27,189.9700012,183.6588196,196.2811828
2023-11-28,189.7899933,183.4801945,196.099792
2023-11-29,190.3999939,184.0915317,196.7084561
2023-11-30,189.3699951,183.0627765,195.6772138
2023-12-01,189.9499969,183.6441178,196.2558761
2023-12-04,191.2400055,184.9352876,197.5447234
2023-12-05,189.4299927,183.1262198,195.7337656
2023-12-06,193.4199982,187.1153871,199.7246092
2023-12-07,192.3200073,186.0167095,198.6233052
2023-12-08,194.2700043,187.9675796,200.5724289
2023-12-11,195.7100067,189.4086851,202.0113284
2023-12-12,193.1799927,186.8794042,199.4805811
2023-12-13,194.7100067,188.4102762,201.0097372
2023-12-14,197.9600067,191.6602762,204.2597372
2023-12-15,198.1100006,191.8116129,204.4083883
2023-12-18,197.5700073,191.2729567,203.8670579
2023-12-19,195.8899994,189.593948,202.1860508
2023-12-20,196.9400024,190.6451783,203.2348265
2023-12-21,194.8300018,188.5359584,201.1240452
2023-12-22,194.6799927,188.3873187,200.9726666
2023-12-26,193.6000061,187.3085486,199.8914636
2023-12-27,193.0500031,186.7598761,199.34013
2023-12-28,193.1499939,186.8612356,199.4387522
2023-12-29,193.5800018,187.292588,199.8674156
2024-01-02,192.5299988,186.2438066,198.816191
2024-01-03,185.6399994,179.3488661,191.9311327
2024-01-04,184.25,177.959979,190.540021
2024-01-05,181.9100037,175.6206229,188.1993844
2024-01-08,181.1799927,174.8919073,187.4680781
2024-01-09,185.5599976,179.2707332,191.849262
2024-01-10,185.1399994,178.8520764,191.4279224
2024-01-11,186.1900024,179.9032975,192.4767074
2024-01-12,185.5899963,179.3046069,191.8753858
2024-01-16,185.9199982,179.6359567,192.2040397
2024-01-17,183.6300049,177.3466305,189.9133792
2024-01-18,182.6799927,176.3978594,188.9621259
2024-01-19,188.6300049,182.3445462,194.9154636
2024-01-22,191.5599976,185.2748562,197.8451389
2024-01-23,193.8899994,187.6054076,200.1745911
2024-01-24,195.1799927,188.8965396,201.4634458
2024-01-25,194.5,188.2178436,200.7821564
2024-01-26,194.1699982,187.8891843,200.450812
2024-01-29,192.4199982,186.1401361,198.6998602
2024-01-30,191.7299957,185.451426,198.0085654
